[
{
  "model": "auth.group",
  "pk": 1,
  "fields": {
    "name": "Admin",
    "permissions": []
  }
},
{
  "model": "auth.group",
  "pk": 2,
  "fields": {
    "name": "Satıcı",
    "permissions": []
  }
},
{
  "model": "auth.group",
  "pk": 3,
  "fields": {
    "name": "Müşteri",
    "permissions": []
  }
},
{
  "model": "token_blacklist.outstandingtoken",
  "pk": 1001,
  "fields": {
    "user": 10002,
    "jti": "cc09e1b267764cd8b3b72541c94bf729",
    "token": "eyJhbGciOiJIUzI1NiIsInR5cCI6IkpXVCJ9.eyJ0b2tlbl90eXBlIjoicmVmcmVzaCIsImV4cCI6MTc2Nzg3NzkyOCwiaWF0IjoxNzY3NzkxNTI4LCJqdGkiOiJjYzA5ZTFiMjY3NzY0Y2Q4YjNiNzI1NDFjOTRiZjcyOSIsInVzZXJfaWQiOjEwMDAyfQ.4yUFx7v12D_cP-5Xp5Wm1LGmE7pCqvod4NZRRmq1FHQ",
    "created_at": "2026-01-07T13:12:08.638Z",
    "expires_at": "2026-01-08T13:12:08Z"
  }
},
{
  "model": "token_blacklist.outstandingtoken",
  "pk": 1002,
  "fields": {
    "user": 10002,
    "jti": "48f86f27e8ab49909b916bc9e75f34c3",
    "token": "eyJhbGciOiJIUzI1NiIsInR5cCI6IkpXVCJ9.eyJ0b2tlbl90eXBlIjoicmVmcmVzaCIsImV4cCI6MTc2Nzg4MTYyMSwiaWF0IjoxNzY3Nzk1MjIxLCJqdGkiOiI0OGY4NmYyN2U4YWI0OTkwOWI5MTZiYzllNzVmMzRjMyIsInVzZXJfaWQiOjEwMDAyfQ.D390U5n6k5Mh7xfBPUMru-1nN-VJba0QWXMBarKrPTo",
    "created_at": "2026-01-07T14:13:41.483Z",
    "expires_at": "2026-01-08T14:13:41Z"
  }
},
{
  "model": "token_blacklist.outstandingtoken",
  "pk": 1003,
  "fields": {
    "user": 10002,
    "jti": "3e7ada03e8904b3686ab250aa5f3486e",
    "token": "eyJhbGciOiJIUzI1NiIsInR5cCI6IkpXVCJ9.eyJ0b2tlbl90eXBlIjoicmVmcmVzaCIsImV4cCI6MTc2Nzg4MjEzMywiaWF0IjoxNzY3Nzk1NzMzLCJqdGkiOiIzZTdhZGEwM2U4OTA0YjM2ODZhYjI1MGFhNWYzNDg2ZSIsInVzZXJfaWQiOjEwMDAyfQ.UkBQW7Yfs7-CFMOX-h8Kx9KMYDb8SJnnLh7gtjJqIkM",
    "created_at": "2026-01-07T14:22:13.451Z",
    "expires_at": "2026-01-08T14:22:13Z"
  }
},
{
  "model": "token_blacklist.outstandingtoken",
  "pk": 1004,
  "fields": {
    "user": 10002,
    "jti": "39b959f9c3494d89a5e52c7475aceb7b",
    "token": "eyJhbGciOiJIUzI1NiIsInR5cCI6IkpXVCJ9.eyJ0b2tlbl90eXBlIjoicmVmcmVzaCIsImV4cCI6MTc2Nzg4NzkzNSwiaWF0IjoxNzY3ODAxNTM1LCJqdGkiOiIzOWI5NTlmOWMzNDk0ZDg5YTVlNTJjNzQ3NWFjZWI3YiIsInVzZXJfaWQiOjEwMDAyfQ.T02SyXbfnXZzuSKLcXCy5hrTNw1p5M6_RR6EdzD3g8I",
    "created_at": "2026-01-07T15:58:55.652Z",
    "expires_at": "2026-01-08T15:58:55Z"
  }
},
{
  "model": "token_blacklist.outstandingtoken",
  "pk": 1005,
  "fields": {
    "user": 10002,
    "jti": "9a5546a565264603b4daa4f37572a8f8",
    "token": "eyJhbGciOiJIUzI1NiIsInR5cCI6IkpXVCJ9.eyJ0b2tlbl90eXBlIjoicmVmcmVzaCIsImV4cCI6MTc2Nzg4Nzk5MiwiaWF0IjoxNzY3ODAxNTkyLCJqdGkiOiI5YTU1NDZhNTY1MjY0NjAzYjRkYWE0ZjM3NTcyYThmOCIsInVzZXJfaWQiOjEwMDAyfQ.g5iiB6VJj43pptn9dLMnPSmp_diBn9Z9sIj07cSmYsU",
    "created_at": "2026-01-07T15:59:52.570Z",
    "expires_at": "2026-01-08T15:59:52Z"
  }
},
{
  "model": "token_blacklist.outstandingtoken",
  "pk": 1006,
  "fields": {
    "user": 10002,
    "jti": "3a809194047f4923aa7b01e1f1d044f3",
    "token": "eyJhbGciOiJIUzI1NiIsInR5cCI6IkpXVCJ9.eyJ0b2tlbl90eXBlIjoicmVmcmVzaCIsImV4cCI6MTc2Nzg4ODE1OSwiaWF0IjoxNzY3ODAxNzU5LCJqdGkiOiIzYTgwOTE5NDA0N2Y0OTIzYWE3YjAxZTFmMWQwNDRmMyIsInVzZXJfaWQiOjEwMDAyfQ.Sxb4xyX40V3ObJsOsN_AdwR9SCSQIylMkAomchtpfjI",
    "created_at": "2026-01-07T16:02:39.227Z",
    "expires_at": "2026-01-08T16:02:39Z"
  }
},
{
  "model": "token_blacklist.outstandingtoken",
  "pk": 1007,
  "fields": {
    "user": 10002,
    "jti": "dea980bbca7247238dbb0707d5e26e0e",
    "token": "eyJhbGciOiJIUzI1NiIsInR5cCI6IkpXVCJ9.eyJ0b2tlbl90eXBlIjoicmVmcmVzaCIsImV4cCI6MTc2Nzg4ODIxMSwiaWF0IjoxNzY3ODAxODExLCJqdGkiOiJkZWE5ODBiYmNhNzI0NzIzOGRiYjA3MDdkNWUyNmUwZSIsInVzZXJfaWQiOjEwMDAyfQ.2hlllZn4nMVk8UEXFGT0HZwkW80JWTmJVw0v_ZNsXyI",
    "created_at": "2026-01-07T16:03:31.983Z",
    "expires_at": "2026-01-08T16:03:31Z"
  }
},
{
  "model": "token_blacklist.outstandingtoken",
  "pk": 1008,
  "fields": {
    "user": 10002,
    "jti": "e45ec3d42c9a43aeb3cade656aad368a",
    "token": "eyJhbGciOiJIUzI1NiIsInR5cCI6IkpXVCJ9.eyJ0b2tlbl90eXBlIjoicmVmcmVzaCIsImV4cCI6MTc2Nzg4ODUzNywiaWF0IjoxNzY3ODAyMTM3LCJqdGkiOiJlNDVlYzNkNDJjOWE0M2FlYjNjYWRlNjU2YWFkMzY4YSIsInVzZXJfaWQiOjEwMDAyfQ.Q_Xe1Mzp7S1OnM1bsuZfIWNyN0Wo-1FDW6cqNVOdnW4",
    "created_at": "2026-01-07T16:08:57.984Z",
    "expires_at": "2026-01-08T16:08:57Z"
  }
},
{
  "model": "token_blacklist.outstandingtoken",
  "pk": 1009,
  "fields": {
    "user": 10002,
    "jti": "3f187c6ee08c44658ca8ef1cd0c0415f",
    "token": "eyJhbGciOiJIUzI1NiIsInR5cCI6IkpXVCJ9.eyJ0b2tlbl90eXBlIjoicmVmcmVzaCIsImV4cCI6MTc2Nzg4OTE2NSwiaWF0IjoxNzY3ODAyNzY1LCJqdGkiOiIzZjE4N2M2ZWUwOGM0NDY1OGNhOGVmMWNkMGMwNDE1ZiIsInVzZXJfaWQiOjEwMDAyfQ.BZjl5pzbV0Lp0bCktP8tOqEQjWQldqohLzIfBRsPPnU",
    "created_at": "2026-01-07T16:19:25.220Z",
    "expires_at": "2026-01-08T16:19:25Z"
  }
},
{
  "model": "token_blacklist.outstandingtoken",
  "pk": 1010,
  "fields": {
    "user": 10002,
    "jti": "fa82ac6babe342c58b31b5954085528a",
    "token": "eyJhbGciOiJIUzI1NiIsInR5cCI6IkpXVCJ9.eyJ0b2tlbl90eXBlIjoicmVmcmVzaCIsImV4cCI6MTc2Nzg5MzI3NywiaWF0IjoxNzY3ODA2ODc3LCJqdGkiOiJmYTgyYWM2YmFiZTM0MmM1OGIzMWI1OTU0MDg1NTI4YSIsInVzZXJfaWQiOjEwMDAyfQ.Xth5ZKBA3PObja9DsBLw9fh1gWAJVefqLmkecAlA7D0",
    "created_at": "2026-01-07T17:27:57.049Z",
    "expires_at": "2026-01-08T17:27:57Z"
  }
},
{
  "model": "token_blacklist.outstandingtoken",
  "pk": 1011,
  "fields": {
    "user": 10002,
    "jti": "10aae1ae394a498b90c992149c3e6737",
    "token": "eyJhbGciOiJIUzI1NiIsInR5cCI6IkpXVCJ9.eyJ0b2tlbl90eXBlIjoicmVmcmVzaCIsImV4cCI6MTc2Nzk4NjUyNywiaWF0IjoxNzY3OTAwMTI3LCJqdGkiOiIxMGFhZTFhZTM5NGE0OThiOTBjOTkyMTQ5YzNlNjczNyIsInVzZXJfaWQiOjEwMDAyfQ.ypE1gpZ2GMv2trnfCITErw5MFSPYf-H-rP-lCQoFx0I",
    "created_at": "2026-01-08T19:22:07.185Z",
    "expires_at": "2026-01-09T19:22:07Z"
  }
},
{
  "model": "token_blacklist.outstandingtoken",
  "pk": 1012,
  "fields": {
    "user": 10002,
    "jti": "74947d08b71b4bf5bae8b7be60cac2ca",
    "token": "eyJhbGciOiJIUzI1NiIsInR5cCI6IkpXVCJ9.eyJ0b2tlbl90eXBlIjoicmVmcmVzaCIsImV4cCI6MTc2Nzk4ODQxNywiaWF0IjoxNzY3OTAyMDE3LCJqdGkiOiI3NDk0N2QwOGI3MWI0YmY1YmFlOGI3YmU2MGNhYzJjYSIsInVzZXJfaWQiOjEwMDAyfQ.9PtM52DkRrU1mqV2aRl-7KorMFEeOsODrNph-Y9FCVw",
    "created_at": "2026-01-08T19:53:37.253Z",
    "expires_at": "2026-01-09T19:53:37Z"
  }
},
{
  "model": "token_blacklist.outstandingtoken",
  "pk": 1013,
  "fields": {
    "user": 10003,
    "jti": "5ff3dd343e2f4f0f936a16cc9706c969",
    "token": "eyJhbGciOiJIUzI1NiIsInR5cCI6IkpXVCJ9.eyJ0b2tlbl90eXBlIjoicmVmcmVzaCIsImV4cCI6MTc2Nzk4ODQ5NSwiaWF0IjoxNzY3OTAyMDk1LCJqdGkiOiI1ZmYzZGQzNDNlMmY0ZjBmOTM2YTE2Y2M5NzA2Yzk2OSIsInVzZXJfaWQiOjEwMDAzfQ.qSGBP8q_j3iEg_NUSIieAdqkO1fp7TRLIgX5H2UAMSI",
    "created_at": "2026-01-08T19:54:55.274Z",
    "expires_at": "2026-01-09T19:54:55Z"
  }
},
{
  "model": "token_blacklist.outstandingtoken",
  "pk": 1014,
  "fields": {
    "user": 10002,
    "jti": "700b7bb5e0cc4335accc4d0d6a369891",
    "token": "eyJhbGciOiJIUzI1NiIsInR5cCI6IkpXVCJ9.eyJ0b2tlbl90eXBlIjoicmVmcmVzaCIsImV4cCI6MTc2Nzk5MTczNywiaWF0IjoxNzY3OTA1MzM3LCJqdGkiOiI3MDBiN2JiNWUwY2M0MzM1YWNjYzRkMGQ2YTM2OTg5MSIsInVzZXJfaWQiOjEwMDAyfQ.NuzlqCd-yRjl8r41kZhGzwyTwSOv3JuIDbgAXAeEZtI",
    "created_at": "2026-01-08T20:48:57.726Z",
    "expires_at": "2026-01-09T20:48:57Z"
  }
},
{
  "model": "token_blacklist.outstandingtoken",
  "pk": 1015,
  "fields": {
    "user": 10002,
    "jti": "f684b25b85174a1381a4fd7fcdd35320",
    "token": "eyJhbGciOiJIUzI1NiIsInR5cCI6IkpXVCJ9.eyJ0b2tlbl90eXBlIjoicmVmcmVzaCIsImV4cCI6MTc2Nzk5MjA1NCwiaWF0IjoxNzY3OTA1NjU0LCJqdGkiOiJmNjg0YjI1Yjg1MTc0YTEzODFhNGZkN2ZjZGQzNTMyMCIsInVzZXJfaWQiOjEwMDAyfQ.Ed8ah2gLE9gd1f-7nDr7M70eCcOR_ShXR33oSZSFVaY",
    "created_at": "2026-01-08T20:54:14.508Z",
    "expires_at": "2026-01-09T20:54:14Z"
  }
},
{
  "model": "token_blacklist.outstandingtoken",
  "pk": 1016,
  "fields": {
    "user": 10002,
    "jti": "cb212e0dc9d745269d5dc546411599cb",
    "token": "eyJhbGciOiJIUzI1NiIsInR5cCI6IkpXVCJ9.eyJ0b2tlbl90eXBlIjoicmVmcmVzaCIsImV4cCI6MTc2Nzk5MjM2OCwiaWF0IjoxNzY3OTA1OTY4LCJqdGkiOiJjYjIxMmUwZGM5ZDc0NTI2OWQ1ZGM1NDY0MTE1OTljYiIsInVzZXJfaWQiOjEwMDAyfQ.LvAPg02g4XFA5qbd9SX_9c872wRbM6_C-6nFvcqEwYQ",
    "created_at": "2026-01-08T20:59:28.214Z",
    "expires_at": "2026-01-09T20:59:28Z"
  }
},
{
  "model": "token_blacklist.outstandingtoken",
  "pk": 1017,
  "fields": {
    "user": 10002,
    "jti": "87abfc6b7c4941458798c8ef690bf969",
    "token": "eyJhbGciOiJIUzI1NiIsInR5cCI6IkpXVCJ9.eyJ0b2tlbl90eXBlIjoicmVmcmVzaCIsImV4cCI6MTc2Nzk5MjQzNiwiaWF0IjoxNzY3OTA2MDM2LCJqdGkiOiI4N2FiZmM2YjdjNDk0MTQ1ODc5OGM4ZWY2OTBiZjk2OSIsInVzZXJfaWQiOjEwMDAyfQ.Gglv30ThWK7eg8QpdhxOpISsTtgdqjC8EOmxcvD4zAc",
    "created_at": "2026-01-08T21:00:36.250Z",
    "expires_at": "2026-01-09T21:00:36Z"
  }
},
{
  "model": "token_blacklist.outstandingtoken",
  "pk": 1018,
  "fields": {
    "user": 10002,
    "jti": "a568a21a44e44523a404342cd24e4386",
    "token": "eyJhbGciOiJIUzI1NiIsInR5cCI6IkpXVCJ9.eyJ0b2tlbl90eXBlIjoicmVmcmVzaCIsImV4cCI6MTc2Nzk5MjUxOCwiaWF0IjoxNzY3OTA2MTE4LCJqdGkiOiJhNTY4YTIxYTQ0ZTQ0NTIzYTQwNDM0MmNkMjRlNDM4NiIsInVzZXJfaWQiOjEwMDAyfQ.tUQ-6bBsoiod7FRBs6Ac2EcMDHKYFJaRM1TfEQbFfv8",
    "created_at": "2026-01-08T21:01:58.172Z",
    "expires_at": "2026-01-09T21:01:58Z"
  }
},
{
  "model": "token_blacklist.outstandingtoken",
  "pk": 1019,
  "fields": {
    "user": 10002,
    "jti": "39b1a9cd038f47d68fcf7e5bb0e5f8fe",
    "token": "eyJhbGciOiJIUzI1NiIsInR5cCI6IkpXVCJ9.eyJ0b2tlbl90eXBlIjoicmVmcmVzaCIsImV4cCI6MTc2Nzk5MjUzMCwiaWF0IjoxNzY3OTA2MTMwLCJqdGkiOiIzOWIxYTljZDAzOGY0N2Q2OGZjZjdlNWJiMGU1ZjhmZSIsInVzZXJfaWQiOjEwMDAyfQ.feG1JMflXCiNqTgfZv27Vvxu2nKsb6dIIZZknJ2aKXo",
    "created_at": "2026-01-08T21:02:10.780Z",
    "expires_at": "2026-01-09T21:02:10Z"
  }
},
{
  "model": "token_blacklist.outstandingtoken",
  "pk": 1020,
  "fields": {
    "user": 10002,
    "jti": "d7c94d6d462b415996b6cfe1445112c2",
    "token": "eyJhbGciOiJIUzI1NiIsInR5cCI6IkpXVCJ9.eyJ0b2tlbl90eXBlIjoicmVmcmVzaCIsImV4cCI6MTc2Nzk5MzEyNCwiaWF0IjoxNzY3OTA2NzI0LCJqdGkiOiJkN2M5NGQ2ZDQ2MmI0MTU5OTZiNmNmZTE0NDUxMTJjMiIsInVzZXJfaWQiOjEwMDAyfQ.n0a-QrFrwaCahcOBrQBJQgtKbdLw3ZVpi_AmR7Eng-U",
    "created_at": "2026-01-08T21:12:04.591Z",
    "expires_at": "2026-01-09T21:12:04Z"
  }
},
{
  "model": "token_blacklist.outstandingtoken",
  "pk": 1021,
  "fields": {
    "user": 10002,
    "jti": "36b27b231a2f47c2941a96d8ef771b09",
    "token": "eyJhbGciOiJIUzI1NiIsInR5cCI6IkpXVCJ9.eyJ0b2tlbl90eXBlIjoicmVmcmVzaCIsImV4cCI6MTc2Nzk5NzI0OCwiaWF0IjoxNzY3OTEwODQ4LCJqdGkiOiIzNmIyN2IyMzFhMmY0N2MyOTQxYTk2ZDhlZjc3MWIwOSIsInVzZXJfaWQiOjEwMDAyfQ._yUJL2xiKTAS--HQZLcCQqWNvbJ9GOoNsLSexg_dr14",
    "created_at": "2026-01-08T22:20:48.773Z",
    "expires_at": "2026-01-09T22:20:48Z"
  }
},
{
  "model": "token_blacklist.outstandingtoken",
  "pk": 1022,
  "fields": {
    "user": 10002,
    "jti": "4f4878d7ed8045bfbd6ffb66ef9c3de9",
    "token": "eyJhbGciOiJIUzI1NiIsInR5cCI6IkpXVCJ9.eyJ0b2tlbl90eXBlIjoicmVmcmVzaCIsImV4cCI6MTc2ODAwMzcxNCwiaWF0IjoxNzY3OTE3MzE0LCJqdGkiOiI0ZjQ4NzhkN2VkODA0NWJmYmQ2ZmZiNjZlZjljM2RlOSIsInVzZXJfaWQiOjEwMDAyfQ.nYwxgrYikJHS5cb3Kw0IwrHzzEep7WtUvfBA7BpJHDE",
    "created_at": "2026-01-09T00:08:34.776Z",
    "expires_at": "2026-01-10T00:08:34Z"
  }
},
{
  "model": "token_blacklist.outstandingtoken",
  "pk": 1023,
  "fields": {
    "user": 10003,
    "jti": "21d3eb0d3d8c410db4c9bff5eac7f966",
    "token": "eyJhbGciOiJIUzI1NiIsInR5cCI6IkpXVCJ9.eyJ0b2tlbl90eXBlIjoicmVmcmVzaCIsImV4cCI6MTc2ODAwMzc0MywiaWF0IjoxNzY3OTE3MzQzLCJqdGkiOiIyMWQzZWIwZDNkOGM0MTBkYjRjOWJmZjVlYWM3Zjk2NiIsInVzZXJfaWQiOjEwMDAzfQ.YhV6am-IaX_8PiOwo1Ts8Bccx1LQQ2NVGZHPbxPgZqE",
    "created_at": "2026-01-09T00:09:03.723Z",
    "expires_at": "2026-01-10T00:09:03Z"
  }
},
{
  "model": "token_blacklist.outstandingtoken",
  "pk": 1024,
  "fields": {
    "user": 10009,
    "jti": "e5199186a5644de9adbb29b37f737733",
    "token": "eyJhbGciOiJIUzI1NiIsInR5cCI6IkpXVCJ9.eyJ0b2tlbl90eXBlIjoicmVmcmVzaCIsImV4cCI6MTc2ODAwNTE3OSwiaWF0IjoxNzY3OTE4Nzc5LCJqdGkiOiJlNTE5OTE4NmE1NjQ0ZGU5YWRiYjI5YjM3ZjczNzczMyIsInVzZXJfaWQiOjEwMDA5fQ.oIgS8eQwI6PDmj9SWhTaws_CHjwhQdxz3JuEparCg6c",
    "created_at": "2026-01-09T00:32:59.482Z",
    "expires_at": "2026-01-10T00:32:59Z"
  }
},
{
  "model": "token_blacklist.outstandingtoken",
  "pk": 1025,
  "fields": {
    "user": 10009,
    "jti": "a4ad128289a444c3bb46e2648ab52e27",
    "token": "eyJhbGciOiJIUzI1NiIsInR5cCI6IkpXVCJ9.eyJ0b2tlbl90eXBlIjoicmVmcmVzaCIsImV4cCI6MTc2ODAwNTUxMiwiaWF0IjoxNzY3OTE5MTEyLCJqdGkiOiJhNGFkMTI4Mjg5YTQ0NGMzYmI0NmUyNjQ4YWI1MmUyNyIsInVzZXJfaWQiOjEwMDA5fQ.Q1xUjSocaQcwwQitgUxwFBSklD5xuwV08hxsI6-Luy8",
    "created_at": "2026-01-09T00:38:32.130Z",
    "expires_at": "2026-01-10T00:38:32Z"
  }
},
{
  "model": "token_blacklist.outstandingtoken",
  "pk": 1026,
  "fields": {
    "user": 10003,
    "jti": "7df160d050864b93949a6396127dfe4a",
    "token": "eyJhbGciOiJIUzI1NiIsInR5cCI6IkpXVCJ9.eyJ0b2tlbl90eXBlIjoicmVmcmVzaCIsImV4cCI6MTc2ODAwNTcxMSwiaWF0IjoxNzY3OTE5MzExLCJqdGkiOiI3ZGYxNjBkMDUwODY0YjkzOTQ5YTYzOTYxMjdkZmU0YSIsInVzZXJfaWQiOjEwMDAzfQ.j1bEY5YMO_FQjII1CCH5muNPxVMAnp6uj4-ODCdKrnA",
    "created_at": "2026-01-09T00:41:51.378Z",
    "expires_at": "2026-01-10T00:41:51Z"
  }
},
{
  "model": "token_blacklist.outstandingtoken",
  "pk": 1027,
  "fields": {
    "user": 10009,
    "jti": "3ca6851d223a46c688342a45038c5d82",
    "token": "eyJhbGciOiJIUzI1NiIsInR5cCI6IkpXVCJ9.eyJ0b2tlbl90eXBlIjoicmVmcmVzaCIsImV4cCI6MTc2ODAwNTgxNywiaWF0IjoxNzY3OTE5NDE3LCJqdGkiOiIzY2E2ODUxZDIyM2E0NmM2ODgzNDJhNDUwMzhjNWQ4MiIsInVzZXJfaWQiOjEwMDA5fQ.ES9cMaKUrJZkN9JPRRISm1_ZGrL_2awcMQG-eYHXNDw",
    "created_at": "2026-01-09T00:43:37.184Z",
    "expires_at": "2026-01-10T00:43:37Z"
  }
},
{
  "model": "token_blacklist.outstandingtoken",
  "pk": 1028,
  "fields": {
    "user": 10002,
    "jti": "ee9d39c0611149ebb9b8a9a72a4ee82a",
    "token": "eyJhbGciOiJIUzI1NiIsInR5cCI6IkpXVCJ9.eyJ0b2tlbl90eXBlIjoicmVmcmVzaCIsImV4cCI6MTc2ODAxMDMzMiwiaWF0IjoxNzY3OTIzOTMyLCJqdGkiOiJlZTlkMzljMDYxMTE0OWViYjliOGE5YTcyYTRlZTgyYSIsInVzZXJfaWQiOjEwMDAyfQ.mjvtooxHbcGCPoF8X53Z-dLPZDed47KIjhvR5tfuLv4",
    "created_at": "2026-01-09T01:58:52.191Z",
    "expires_at": "2026-01-10T01:58:52Z"
  }
},
{
  "model": "token_blacklist.outstandingtoken",
  "pk": 1029,
  "fields": {
    "user": 10002,
    "jti": "c8210f3e52cc4de9865dd7111ac125f7",
    "token": "eyJhbGciOiJIUzI1NiIsInR5cCI6IkpXVCJ9.eyJ0b2tlbl90eXBlIjoicmVmcmVzaCIsImV4cCI6MTc2ODAzODkwNSwiaWF0IjoxNzY3OTUyNTA1LCJqdGkiOiJjODIxMGYzZTUyY2M0ZGU5ODY1ZGQ3MTExYWMxMjVmNyIsInVzZXJfaWQiOjEwMDAyfQ.dExixXuMPAd0gPAuXRLlDEVnJZ-IOTZiH5aimA0bVoo",
    "created_at": "2026-01-09T09:55:05.296Z",
    "expires_at": "2026-01-10T09:55:05Z"
  }
},
{
  "model": "token_blacklist.outstandingtoken",
  "pk": 1030,
  "fields": {
    "user": 10009,
    "jti": "944e03bfb8284fc18b963db87ac9e97d",
    "token": "eyJhbGciOiJIUzI1NiIsInR5cCI6IkpXVCJ9.eyJ0b2tlbl90eXBlIjoicmVmcmVzaCIsImV4cCI6MTc2ODAzOTA4NCwiaWF0IjoxNzY3OTUyNjg0LCJqdGkiOiI5NDRlMDNiZmI4Mjg0ZmMxOGI5NjNkYjg3YWM5ZTk3ZCIsInVzZXJfaWQiOjEwMDA5fQ.XXwHJ3zB-BRWFCKo9Jxkp4zuex6FfLAOCyFSzU7bRzU",
    "created_at": "2026-01-09T09:58:04.343Z",
    "expires_at": "2026-01-10T09:58:04Z"
  }
},
{
  "model": "token_blacklist.outstandingtoken",
  "pk": 1031,
  "fields": {
    "user": 10002,
    "jti": "8ea0670d08404ea290046a66d74bdf9d",
    "token": "eyJhbGciOiJIUzI1NiIsInR5cCI6IkpXVCJ9.eyJ0b2tlbl90eXBlIjoicmVmcmVzaCIsImV4cCI6MTc2ODUwNTEyMCwiaWF0IjoxNzY4NDE4NzIwLCJqdGkiOiI4ZWEwNjcwZDA4NDA0ZWEyOTAwNDZhNjZkNzRiZGY5ZCIsInVzZXJfaWQiOjEwMDAyfQ.ynSfQI_DSCVAcRFXoRtWtE7YhgHk0WDvLWfhVJaCYtI",
    "created_at": "2026-01-14T19:25:20.910Z",
    "expires_at": "2026-01-15T19:25:20Z"
  }
},
{
  "model": "token_blacklist.outstandingtoken",
  "pk": 1032,
  "fields": {
    "user": 10009,
    "jti": "7750b61421e54e76994f016de9729bbc",
    "token": "eyJhbGciOiJIUzI1NiIsInR5cCI6IkpXVCJ9.eyJ0b2tlbl90eXBlIjoicmVmcmVzaCIsImV4cCI6MTc2ODUwNTM2MywiaWF0IjoxNzY4NDE4OTYzLCJqdGkiOiI3NzUwYjYxNDIxZTU0ZTc2OTk0ZjAxNmRlOTcyOWJiYyIsInVzZXJfaWQiOjEwMDA5fQ.CB1UY4oA_hB75oRgmOSI-7qqBP4JUVXwGQDS8EU2KL4",
    "created_at": "2026-01-14T19:29:23.938Z",
    "expires_at": "2026-01-15T19:29:23Z"
  }
},
{
  "model": "token_blacklist.outstandingtoken",
  "pk": 1033,
  "fields": {
    "user": 10009,
    "jti": "eac3ca32dfef4c5fb6d4cabf5c9567e2",
    "token": "eyJhbGciOiJIUzI1NiIsInR5cCI6IkpXVCJ9.eyJ0b2tlbl90eXBlIjoicmVmcmVzaCIsImV4cCI6MTc2ODUwNjE2NSwiaWF0IjoxNzY4NDE5NzY1LCJqdGkiOiJlYWMzY2EzMmRmZWY0YzVmYjZkNGNhYmY1Yzk1NjdlMiIsInVzZXJfaWQiOjEwMDA5fQ.RS8MJhv9z6_wXn6WMT3XsykjApMrBpIKaf4Y_KU8COI",
    "created_at": "2026-01-14T19:42:45.041Z",
    "expires_at": "2026-01-15T19:42:45Z"
  }
},
{
  "model": "token_blacklist.outstandingtoken",
  "pk": 1034,
  "fields": {
    "user": 10009,
    "jti": "7b803a11dc0c46eab1395181b8da1650",
    "token": "eyJhbGciOiJIUzI1NiIsInR5cCI6IkpXVCJ9.eyJ0b2tlbl90eXBlIjoicmVmcmVzaCIsImV4cCI6MTc2ODUxMDY4NywiaWF0IjoxNzY4NDI0Mjg3LCJqdGkiOiI3YjgwM2ExMWRjMGM0NmVhYjEzOTUxODFiOGRhMTY1MCIsInVzZXJfaWQiOjEwMDA5fQ.dnkmz9xHFN9hTdT8QtdHpXRAXwxODevw9wRBMhO3W_w",
    "created_at": "2026-01-14T20:58:07.088Z",
    "expires_at": "2026-01-15T20:58:07Z"
  }
},
{
  "model": "token_blacklist.outstandingtoken",
  "pk": 1035,
  "fields": {
    "user": 10002,
    "jti": "9eef652050d94902ac97fd68c214d662",
    "token": "eyJhbGciOiJIUzI1NiIsInR5cCI6IkpXVCJ9.eyJ0b2tlbl90eXBlIjoicmVmcmVzaCIsImV4cCI6MTc2ODUxMTM5NywiaWF0IjoxNzY4NDI0OTk3LCJqdGkiOiI5ZWVmNjUyMDUwZDk0OTAyYWM5N2ZkNjhjMjE0ZDY2MiIsInVzZXJfaWQiOjEwMDAyfQ.zj3dliNR9lOK0cGns7KbWJ7I52-MbloivBKuqX1xnU4",
    "created_at": "2026-01-14T21:09:57.982Z",
    "expires_at": "2026-01-15T21:09:57Z"
  }
},
{
  "model": "token_blacklist.outstandingtoken",
  "pk": 1036,
  "fields": {
    "user": 10002,
    "jti": "8ca6c521b54347c68bfda3efb3aeb4f0",
    "token": "eyJhbGciOiJIUzI1NiIsInR5cCI6IkpXVCJ9.eyJ0b2tlbl90eXBlIjoicmVmcmVzaCIsImV4cCI6MTc2ODUxMjM3MiwiaWF0IjoxNzY4NDI1OTcyLCJqdGkiOiI4Y2E2YzUyMWI1NDM0N2M2OGJmZGEzZWZiM2FlYjRmMCIsInVzZXJfaWQiOjEwMDAyfQ.iA3UJKglwqkO3DDGymQB2vR-nn4fp2F5CbjV1wMwaA8",
    "created_at": "2026-01-14T21:26:12.449Z",
    "expires_at": "2026-01-15T21:26:12Z"
  }
},
{
  "model": "token_blacklist.outstandingtoken",
  "pk": 1037,
  "fields": {
    "user": 10002,
    "jti": "a1a535e5afeb41bc8b12be8282b7c09d",
    "token": "eyJhbGciOiJIUzI1NiIsInR5cCI6IkpXVCJ9.eyJ0b2tlbl90eXBlIjoicmVmcmVzaCIsImV4cCI6MTc2ODUxNDYyOSwiaWF0IjoxNzY4NDI4MjI5LCJqdGkiOiJhMWE1MzVlNWFmZWI0MWJjOGIxMmJlODI4MmI3YzA5ZCIsInVzZXJfaWQiOjEwMDAyfQ.fJddV36NDlzA08DcEIl_7ZxQGQ-xeKGnlDmawezhkWo",
    "created_at": "2026-01-14T22:03:49.285Z",
    "expires_at": "2026-01-15T22:03:49Z"
  }
},
{
  "model": "token_blacklist.outstandingtoken",
  "pk": 1038,
  "fields": {
    "user": 10002,
    "jti": "082f973e52fc4f8eb67440529ae14c74",
    "token": "eyJhbGciOiJIUzI1NiIsInR5cCI6IkpXVCJ9.eyJ0b2tlbl90eXBlIjoicmVmcmVzaCIsImV4cCI6MTc2ODUxNDY0MSwiaWF0IjoxNzY4NDI4MjQxLCJqdGkiOiIwODJmOTczZTUyZmM0ZjhlYjY3NDQwNTI5YWUxNGM3NCIsInVzZXJfaWQiOjEwMDAyfQ.cdijoTb-HYxyK8B84zBLptqWwSbao4elAWsMhIxfCWE",
    "created_at": "2026-01-14T22:04:01.484Z",
    "expires_at": "2026-01-15T22:04:01Z"
  }
},
{
  "model": "token_blacklist.outstandingtoken",
  "pk": 1039,
  "fields": {
    "user": 10002,
    "jti": "2ca902c918c1499f972f32a1139eefda",
    "token": "eyJhbGciOiJIUzI1NiIsInR5cCI6IkpXVCJ9.eyJ0b2tlbl90eXBlIjoicmVmcmVzaCIsImV4cCI6MTc2ODUxNDk2NSwiaWF0IjoxNzY4NDI4NTY1LCJqdGkiOiIyY2E5MDJjOTE4YzE0OTlmOTcyZjMyYTExMzllZWZkYSIsInVzZXJfaWQiOjEwMDAyfQ.H6MZcZ4NmrC5WO3WYcjrvs-P-70fUKQldvMH4I6TWN8",
    "created_at": "2026-01-14T22:09:25.622Z",
    "expires_at": "2026-01-15T22:09:25Z"
  }
},
{
  "model": "token_blacklist.outstandingtoken",
  "pk": 1040,
  "fields": {
    "user": 10002,
    "jti": "f61648e7d7cc42689036dd4018b9d7a1",
    "token": "eyJhbGciOiJIUzI1NiIsInR5cCI6IkpXVCJ9.eyJ0b2tlbl90eXBlIjoicmVmcmVzaCIsImV4cCI6MTc2ODUxNTMwMiwiaWF0IjoxNzY4NDI4OTAyLCJqdGkiOiJmNjE2NDhlN2Q3Y2M0MjY4OTAzNmRkNDAxOGI5ZDdhMSIsInVzZXJfaWQiOjEwMDAyfQ.J4mHzoIKddGHb3NoXqDD8URD1HivLoUA6qjF0Pjvews",
    "created_at": "2026-01-14T22:15:02.975Z",
    "expires_at": "2026-01-15T22:15:02Z"
  }
},
{
  "model": "token_blacklist.outstandingtoken",
  "pk": 1041,
  "fields": {
    "user": 10002,
    "jti": "ab71c5dbbedf4af6aef3ad54ceb5f08e",
    "token": "eyJhbGciOiJIUzI1NiIsInR5cCI6IkpXVCJ9.eyJ0b2tlbl90eXBlIjoicmVmcmVzaCIsImV4cCI6MTc2ODUxNTU5MywiaWF0IjoxNzY4NDI5MTkzLCJqdGkiOiJhYjcxYzVkYmJlZGY0YWY2YWVmM2FkNTRjZWI1ZjA4ZSIsInVzZXJfaWQiOjEwMDAyfQ.6jq29-n-EWHbLEf3FNQxRV4_BFLtKI4CP4taUyCw2vo",
    "created_at": "2026-01-14T22:19:53.226Z",
    "expires_at": "2026-01-15T22:19:53Z"
  }
},
{
  "model": "token_blacklist.outstandingtoken",
  "pk": 1042,
  "fields": {
    "user": 10002,
    "jti": "72f2509985804427aed8fe6825085354",
    "token": "eyJhbGciOiJIUzI1NiIsInR5cCI6IkpXVCJ9.eyJ0b2tlbl90eXBlIjoicmVmcmVzaCIsImV4cCI6MTc2ODUxNjc3OCwiaWF0IjoxNzY4NDMwMzc4LCJqdGkiOiI3MmYyNTA5OTg1ODA0NDI3YWVkOGZlNjgyNTA4NTM1NCIsInVzZXJfaWQiOjEwMDAyfQ.dFC8XOEaGfxT4Bv_X2-Rgwa_v6w9LT0HPMqMpw2WOco",
    "created_at": "2026-01-14T22:39:38.812Z",
    "expires_at": "2026-01-15T22:39:38Z"
  }
},
{
  "model": "token_blacklist.outstandingtoken",
  "pk": 1043,
  "fields": {
    "user": 10002,
    "jti": "dae3f52158ea4d9f9dddd271d4a438ee",
    "token": "eyJhbGciOiJIUzI1NiIsInR5cCI6IkpXVCJ9.eyJ0b2tlbl90eXBlIjoicmVmcmVzaCIsImV4cCI6MTc2ODUxNzU0NCwiaWF0IjoxNzY4NDMxMTQ0LCJqdGkiOiJkYWUzZjUyMTU4ZWE0ZDlmOWRkZGQyNzFkNGE0MzhlZSIsInVzZXJfaWQiOjEwMDAyfQ.pirjy5eW3cEVC_MELl40Y2ZEsQSDAbyEdQGk6aKqnlM",
    "created_at": "2026-01-14T22:52:24.770Z",
    "expires_at": "2026-01-15T22:52:24Z"
  }
},
{
  "model": "token_blacklist.outstandingtoken",
  "pk": 1044,
  "fields": {
    "user": 10002,
    "jti": "b4764e2ac9a4461a9b1aa8350f1c4592",
    "token": "eyJhbGciOiJIUzI1NiIsInR5cCI6IkpXVCJ9.eyJ0b2tlbl90eXBlIjoicmVmcmVzaCIsImV4cCI6MTc2ODUxNzkxNywiaWF0IjoxNzY4NDMxNTE3LCJqdGkiOiJiNDc2NGUyYWM5YTQ0NjFhOWIxYWE4MzUwZjFjNDU5MiIsInVzZXJfaWQiOjEwMDAyfQ.ISdmhvebrO0EE1nSQnA8UkbueqUMqtCYIF_SjPdF_go",
    "created_at": "2026-01-14T22:58:37.854Z",
    "expires_at": "2026-01-15T22:58:37Z"
  }
},
{
  "model": "token_blacklist.outstandingtoken",
  "pk": 1045,
  "fields": {
    "user": 10009,
    "jti": "57a9d55a073645269cf11a23f95808eb",
    "token": "eyJhbGciOiJIUzI1NiIsInR5cCI6IkpXVCJ9.eyJ0b2tlbl90eXBlIjoicmVmcmVzaCIsImV4cCI6MTc2ODUxODEyNCwiaWF0IjoxNzY4NDMxNzI0LCJqdGkiOiI1N2E5ZDU1YTA3MzY0NTI2OWNmMTFhMjNmOTU4MDhlYiIsInVzZXJfaWQiOjEwMDA5fQ.cneqOZM91WP71Peq0rYldEs6KWrRrhXJTh7OCBoALcM",
    "created_at": "2026-01-14T23:02:04.016Z",
    "expires_at": "2026-01-15T23:02:04Z"
  }
},
{
  "model": "token_blacklist.outstandingtoken",
  "pk": 1046,
  "fields": {
    "user": 10009,
    "jti": "58a160f60f89494188364d667b59882f",
    "token": "eyJhbGciOiJIUzI1NiIsInR5cCI6IkpXVCJ9.eyJ0b2tlbl90eXBlIjoicmVmcmVzaCIsImV4cCI6MTc2ODUxODg5NSwiaWF0IjoxNzY4NDMyNDk1LCJqdGkiOiI1OGExNjBmNjBmODk0OTQxODgzNjRkNjY3YjU5ODgyZiIsInVzZXJfaWQiOjEwMDA5fQ.KRF-P7oHqzbNxRZ1KxNdCww4Y4HFsxfjMZXojks_Rrc",
    "created_at": "2026-01-14T23:14:55.193Z",
    "expires_at": "2026-01-15T23:14:55Z"
  }
},
{
  "model": "token_blacklist.outstandingtoken",
  "pk": 1047,
  "fields": {
    "user": 10009,
    "jti": "6556a06cec274f729790a51aefcec989",
    "token": "eyJhbGciOiJIUzI1NiIsInR5cCI6IkpXVCJ9.eyJ0b2tlbl90eXBlIjoicmVmcmVzaCIsImV4cCI6MTc2ODUxOTIzNSwiaWF0IjoxNzY4NDMyODM1LCJqdGkiOiI2NTU2YTA2Y2VjMjc0ZjcyOTc5MGE1MWFlZmNlYzk4OSIsInVzZXJfaWQiOjEwMDA5fQ.NBByntq-nUqT-Ozl_9HydMIMLzEKLNdaum_SM8i4yd4",
    "created_at": "2026-01-14T23:20:35.274Z",
    "expires_at": "2026-01-15T23:20:35Z"
  }
},
{
  "model": "token_blacklist.outstandingtoken",
  "pk": 1048,
  "fields": {
    "user": 10009,
    "jti": "b23eed89c1ff4065ba94e8db90cc4a25",
    "token": "eyJhbGciOiJIUzI1NiIsInR5cCI6IkpXVCJ9.eyJ0b2tlbl90eXBlIjoicmVmcmVzaCIsImV4cCI6MTc2ODUxOTM3OSwiaWF0IjoxNzY4NDMyOTc5LCJqdGkiOiJiMjNlZWQ4OWMxZmY0MDY1YmE5NGU4ZGI5MGNjNGEyNSIsInVzZXJfaWQiOjEwMDA5fQ.dNElC8fRYWzmiC1EJfHRTmWE29j-0saD8aYkTuCVDDE",
    "created_at": "2026-01-14T23:22:59.826Z",
    "expires_at": "2026-01-15T23:22:59Z"
  }
},
{
  "model": "token_blacklist.outstandingtoken",
  "pk": 1049,
  "fields": {
    "user": 10002,
    "jti": "6f17facb47f84abe9cd2933c2ef1f55e",
    "token": "eyJhbGciOiJIUzI1NiIsInR5cCI6IkpXVCJ9.eyJ0b2tlbl90eXBlIjoicmVmcmVzaCIsImV4cCI6MTc2ODU2MDgyMywiaWF0IjoxNzY4NDc0NDIzLCJqdGkiOiI2ZjE3ZmFjYjQ3Zjg0YWJlOWNkMjkzM2MyZWYxZjU1ZSIsInVzZXJfaWQiOjEwMDAyfQ.jamcniZgS1NGYvSyWD8QXGj0OkycOpFurjmZ9DMv6mI",
    "created_at": "2026-01-15T10:53:43.717Z",
    "expires_at": "2026-01-16T10:53:43Z"
  }
},
{
  "model": "token_blacklist.outstandingtoken",
  "pk": 1050,
  "fields": {
    "user": 10009,
    "jti": "bbfe05ef79bb4fea9dc6ee983457dd22",
    "token": "eyJhbGciOiJIUzI1NiIsInR5cCI6IkpXVCJ9.eyJ0b2tlbl90eXBlIjoicmVmcmVzaCIsImV4cCI6MTc2ODU2MDk4NCwiaWF0IjoxNzY4NDc0NTg0LCJqdGkiOiJiYmZlMDVlZjc5YmI0ZmVhOWRjNmVlOTgzNDU3ZGQyMiIsInVzZXJfaWQiOjEwMDA5fQ.nFC6_WHhQg6oT7J2tfd1dlYX4jXJIVGxdkpykHWRVEQ",
    "created_at": "2026-01-15T10:56:24.065Z",
    "expires_at": "2026-01-16T10:56:24Z"
  }
},
{
  "model": "token_blacklist.outstandingtoken",
  "pk": 1051,
  "fields": {
    "user": 10009,
    "jti": "e8dc2076d95f462bb2ec8b5445e2b294",
    "token": "eyJhbGciOiJIUzI1NiIsInR5cCI6IkpXVCJ9.eyJ0b2tlbl90eXBlIjoicmVmcmVzaCIsImV4cCI6MTc2ODU2NDk5NCwiaWF0IjoxNzY4NDc4NTk0LCJqdGkiOiJlOGRjMjA3NmQ5NWY0NjJiYjJlYzhiNTQ0NWUyYjI5NCIsInVzZXJfaWQiOjEwMDA5fQ.dCYAL9ytv-HC3xCEsAk3joj3JXPha_qfqahEKbOn1Dw",
    "created_at": "2026-01-15T12:03:14.685Z",
    "expires_at": "2026-01-16T12:03:14Z"
  }
},
{
  "model": "token_blacklist.outstandingtoken",
  "pk": 1052,
  "fields": {
    "user": 10009,
    "jti": "9a8d220a8a60471e8c6ab14aa2b8c56d",
    "token": "eyJhbGciOiJIUzI1NiIsInR5cCI6IkpXVCJ9.eyJ0b2tlbl90eXBlIjoicmVmcmVzaCIsImV4cCI6MTc2ODY0NDc3NiwiaWF0IjoxNzY4NTU4Mzc2LCJqdGkiOiI5YThkMjIwYThhNjA0NzFlOGM2YWIxNGFhMmI4YzU2ZCIsInVzZXJfaWQiOjEwMDA5fQ.1Rw4Tf8-R1m1y1BVeEt6dcaTg-q7FEOMEW8ueRrGlLA",
    "created_at": "2026-01-16T10:12:56.783Z",
    "expires_at": "2026-01-17T10:12:56Z"
  }
},
{
  "model": "token_blacklist.outstandingtoken",
  "pk": 1053,
  "fields": {
    "user": 10002,
    "jti": "e6b629e96c29478890d4c82026605719",
    "token": "eyJhbGciOiJIUzI1NiIsInR5cCI6IkpXVCJ9.eyJ0b2tlbl90eXBlIjoicmVmcmVzaCIsImV4cCI6MTc2ODY0NTAwOCwiaWF0IjoxNzY4NTU4NjA4LCJqdGkiOiJlNmI2MjllOTZjMjk0Nzg4OTBkNGM4MjAyNjYwNTcxOSIsInVzZXJfaWQiOjEwMDAyfQ.r0tN8rxy9i7pbp_EQlscp1Y_xbB2FXaYC4rNA5fGEC8",
    "created_at": "2026-01-16T10:16:48.033Z",
    "expires_at": "2026-01-17T10:16:48Z"
  }
},
{
  "model": "token_blacklist.outstandingtoken",
  "pk": 1054,
  "fields": {
    "user": 10009,
    "jti": "dd36f7fa7da24bef9b6ebb378f4182d6",
    "token": "eyJhbGciOiJIUzI1NiIsInR5cCI6IkpXVCJ9.eyJ0b2tlbl90eXBlIjoicmVmcmVzaCIsImV4cCI6MTc2ODY0NjQ0MCwiaWF0IjoxNzY4NTYwMDQwLCJqdGkiOiJkZDM2ZjdmYTdkYTI0YmVmOWI2ZWJiMzc4ZjQxODJkNiIsInVzZXJfaWQiOjEwMDA5fQ.4Hgunf2q2D-Wz4UsFu_j0ngcc9vPJKB7r0UytJw1sn8",
    "created_at": "2026-01-16T10:40:40.626Z",
    "expires_at": "2026-01-17T10:40:40Z"
  }
},
{
  "model": "token_blacklist.outstandingtoken",
  "pk": 1055,
  "fields": {
    "user": 10002,
    "jti": "93822dd51c124bf7b1efedfbaffe2950",
    "token": "eyJhbGciOiJIUzI1NiIsInR5cCI6IkpXVCJ9.eyJ0b2tlbl90eXBlIjoicmVmcmVzaCIsImV4cCI6MTc2ODY1MjA5MSwiaWF0IjoxNzY4NTY1NjkxLCJqdGkiOiI5MzgyMmRkNTFjMTI0YmY3YjFlZmVkZmJhZmZlMjk1MCIsInVzZXJfaWQiOjEwMDAyfQ.QLJt6lMIhKVMBP5LB2FaCcQKG2icVXj4_p7FBktuZu4",
    "created_at": "2026-01-16T12:14:51.167Z",
    "expires_at": "2026-01-17T12:14:51Z"
  }
},
{
  "model": "token_blacklist.outstandingtoken",
  "pk": 1056,
  "fields": {
    "user": 10009,
    "jti": "eef584d7172e495a819aea3a7924011f",
    "token": "eyJhbGciOiJIUzI1NiIsInR5cCI6IkpXVCJ9.eyJ0b2tlbl90eXBlIjoicmVmcmVzaCIsImV4cCI6MTc2ODY1MjcwMiwiaWF0IjoxNzY4NTY2MzAyLCJqdGkiOiJlZWY1ODRkNzE3MmU0OTVhODE5YWVhM2E3OTI0MDExZiIsInVzZXJfaWQiOjEwMDA5fQ._9BkVpdgg9KYnhBMzp2YkZLuq4Bzs5OER3ZoEUxG-jg",
    "created_at": "2026-01-16T12:25:02.081Z",
    "expires_at": "2026-01-17T12:25:02Z"
  }
},
{
  "model": "token_blacklist.outstandingtoken",
  "pk": 1057,
  "fields": {
    "user": 10009,
    "jti": "975ae4663abe48c19f9c1c49fc93faa9",
    "token": "eyJhbGciOiJIUzI1NiIsInR5cCI6IkpXVCJ9.eyJ0b2tlbl90eXBlIjoicmVmcmVzaCIsImV4cCI6MTc2ODY1NDg4OCwiaWF0IjoxNzY4NTY4NDg4LCJqdGkiOiI5NzVhZTQ2NjNhYmU0OGMxOWY5YzFjNDlmYzkzZmFhOSIsInVzZXJfaWQiOjEwMDA5fQ.Y06Rj8iP3DBDwuzEelbv4vtwdeKCHod7DNaogzEzmXw",
    "created_at": "2026-01-16T13:01:28.663Z",
    "expires_at": "2026-01-17T13:01:28Z"
  }
},
{
  "model": "token_blacklist.outstandingtoken",
  "pk": 1058,
  "fields": {
    "user": 10009,
    "jti": "c6084a8b1be544c9828e0941ad65aee2",
    "token": "eyJhbGciOiJIUzI1NiIsInR5cCI6IkpXVCJ9.eyJ0b2tlbl90eXBlIjoicmVmcmVzaCIsImV4cCI6MTc2ODY1NzE5NiwiaWF0IjoxNzY4NTcwNzk2LCJqdGkiOiJjNjA4NGE4YjFiZTU0NGM5ODI4ZTA5NDFhZDY1YWVlMiIsInVzZXJfaWQiOjEwMDA5fQ.yBVDr17ZaIzB34yLbzh-Aa6GnWdYOuuA08MVLnje_eQ",
    "created_at": "2026-01-16T13:39:56.720Z",
    "expires_at": "2026-01-17T13:39:56Z"
  }
},
{
  "model": "token_blacklist.outstandingtoken",
  "pk": 1059,
  "fields": {
    "user": 10002,
    "jti": "4d64d8a6d30c409e98f9cc884b9f8aad",
    "token": "eyJhbGciOiJIUzI1NiIsInR5cCI6IkpXVCJ9.eyJ0b2tlbl90eXBlIjoicmVmcmVzaCIsImV4cCI6MTc2ODY1ODA3MiwiaWF0IjoxNzY4NTcxNjcyLCJqdGkiOiI0ZDY0ZDhhNmQzMGM0MDllOThmOWNjODg0YjlmOGFhZCIsInVzZXJfaWQiOjEwMDAyfQ.VLcGX7DPlO3ZLPxuRx9amybFEBNbHLWfjbrusiTAgIk",
    "created_at": "2026-01-16T13:54:32.729Z",
    "expires_at": "2026-01-17T13:54:32Z"
  }
},
{
  "model": "token_blacklist.outstandingtoken",
  "pk": 1060,
  "fields": {
    "user": 10002,
    "jti": "a667bf5e48bd4e9fb77a99cde9ce4221",
    "token": "eyJhbGciOiJIUzI1NiIsInR5cCI6IkpXVCJ9.eyJ0b2tlbl90eXBlIjoicmVmcmVzaCIsImV4cCI6MTc2ODY2MDc4NiwiaWF0IjoxNzY4NTc0Mzg2LCJqdGkiOiJhNjY3YmY1ZTQ4YmQ0ZTlmYjc3YTk5Y2RlOWNlNDIyMSIsInVzZXJfaWQiOjEwMDAyfQ.xr614rMKS9LLSlvb34wdkP-AxYtlgdkWJ3vlQZQepZE",
    "created_at": "2026-01-16T14:39:46.889Z",
    "expires_at": "2026-01-17T14:39:46Z"
  }
},
{
  "model": "token_blacklist.outstandingtoken",
  "pk": 1061,
  "fields": {
    "user": 10002,
    "jti": "793deaf7619948e4840a532c0cf584dd",
    "token": "eyJhbGciOiJIUzI1NiIsInR5cCI6IkpXVCJ9.eyJ0b2tlbl90eXBlIjoicmVmcmVzaCIsImV4cCI6MTc2ODY2ODE1NCwiaWF0IjoxNzY4NTgxNzU0LCJqdGkiOiI3OTNkZWFmNzYxOTk0OGU0ODQwYTUzMmMwY2Y1ODRkZCIsInVzZXJfaWQiOjEwMDAyfQ.LboShW-3Y3zaOdtAFdMzrBNEz2BeDSMW57cvyzo0Htw",
    "created_at": "2026-01-16T16:42:34.182Z",
    "expires_at": "2026-01-17T16:42:34Z"
  }
},
{
  "model": "token_blacklist.outstandingtoken",
  "pk": 1062,
  "fields": {
    "user": 10002,
    "jti": "747a05fda06a40b99207152b2d9f1df2",
    "token": "eyJhbGciOiJIUzI1NiIsInR5cCI6IkpXVCJ9.eyJ0b2tlbl90eXBlIjoicmVmcmVzaCIsImV4cCI6MTc2ODY2ODQwNSwiaWF0IjoxNzY4NTgyMDA1LCJqdGkiOiI3NDdhMDVmZGEwNmE0MGI5OTIwNzE1MmIyZDlmMWRmMiIsInVzZXJfaWQiOjEwMDAyfQ.tldIUxIGHKfpQmnSU6dJIUp3tFbdw5k9L8eCCfUS85g",
    "created_at": "2026-01-16T16:46:45.009Z",
    "expires_at": "2026-01-17T16:46:45Z"
  }
},
{
  "model": "token_blacklist.outstandingtoken",
  "pk": 1063,
  "fields": {
    "user": 10002,
    "jti": "c97b365ffd36483c983cc07630dbd91d",
    "token": "eyJhbGciOiJIUzI1NiIsInR5cCI6IkpXVCJ9.eyJ0b2tlbl90eXBlIjoicmVmcmVzaCIsImV4cCI6MTc2ODY2ODUzMiwiaWF0IjoxNzY4NTgyMTMyLCJqdGkiOiJjOTdiMzY1ZmZkMzY0ODNjOTgzY2MwNzYzMGRiZDkxZCIsInVzZXJfaWQiOjEwMDAyfQ.EdjMMPpI99W4P-nUmlFaY38_eNyUlq-ZX7y6eC-XkBs",
    "created_at": "2026-01-16T16:48:52.286Z",
    "expires_at": "2026-01-17T16:48:52Z"
  }
},
{
  "model": "token_blacklist.outstandingtoken",
  "pk": 1064,
  "fields": {
    "user": 10002,
    "jti": "2836eded16c8463d9dbcec0d15b9a6ae",
    "token": "eyJhbGciOiJIUzI1NiIsInR5cCI6IkpXVCJ9.eyJ0b2tlbl90eXBlIjoicmVmcmVzaCIsImV4cCI6MTc2ODY4MDUyNiwiaWF0IjoxNzY4NTk0MTI2LCJqdGkiOiIyODM2ZWRlZDE2Yzg0NjNkOWRiY2VjMGQxNWI5YTZhZSIsInVzZXJfaWQiOjEwMDAyfQ.s2eU9LPmtkZaX5mupXtaoINXmcUuObfDsX85E80mH68",
    "created_at": "2026-01-16T20:08:46.527Z",
    "expires_at": "2026-01-17T20:08:46Z"
  }
},
{
  "model": "token_blacklist.outstandingtoken",
  "pk": 1065,
  "fields": {
    "user": 10002,
    "jti": "ae15b6ba18ce4254a1418627000a7499",
    "token": "eyJhbGciOiJIUzI1NiIsInR5cCI6IkpXVCJ9.eyJ0b2tlbl90eXBlIjoicmVmcmVzaCIsImV4cCI6MTc2OTA4MTk0MCwiaWF0IjoxNzY4OTk1NTQwLCJqdGkiOiJhZTE1YjZiYTE4Y2U0MjU0YTE0MTg2MjcwMDBhNzQ5OSIsInVzZXJfaWQiOjEwMDAyfQ.jba3JUlGvxP7ku0BZSXnqQ3a2eT5NphTqqrkhMC3elo",
    "created_at": "2026-01-21T11:39:00.315Z",
    "expires_at": "2026-01-22T11:39:00Z"
  }
},
{
  "model": "token_blacklist.outstandingtoken",
  "pk": 1066,
  "fields": {
    "user": 10002,
    "jti": "34534e5f276b47f6ba652256ae055237",
    "token": "eyJhbGciOiJIUzI1NiIsInR5cCI6IkpXVCJ9.eyJ0b2tlbl90eXBlIjoicmVmcmVzaCIsImV4cCI6MTc2OTA4MjE5NywiaWF0IjoxNzY4OTk1Nzk3LCJqdGkiOiIzNDUzNGU1ZjI3NmI0N2Y2YmE2NTIyNTZhZTA1NTIzNyIsInVzZXJfaWQiOjEwMDAyfQ.79JqJ7fCU3NQnekHQG3hzc9gWzh2aMCVdmpEcpNRMKI",
    "created_at": "2026-01-21T11:43:17.786Z",
    "expires_at": "2026-01-22T11:43:17Z"
  }
},
{
  "model": "token_blacklist.outstandingtoken",
  "pk": 1067,
  "fields": {
    "user": 10002,
    "jti": "86f5bacaa7934384adc7982b4f87d7d3",
    "token": "eyJhbGciOiJIUzI1NiIsInR5cCI6IkpXVCJ9.eyJ0b2tlbl90eXBlIjoicmVmcmVzaCIsImV4cCI6MTc2OTA4Mjc2NSwiaWF0IjoxNzY4OTk2MzY1LCJqdGkiOiI4NmY1YmFjYWE3OTM0Mzg0YWRjNzk4MmI0Zjg3ZDdkMyIsInVzZXJfaWQiOjEwMDAyfQ.MAxCX2evrdanYPqIo8T-Qhju9MNxrtaaZA006gmy4XA",
    "created_at": "2026-01-21T11:52:45.711Z",
    "expires_at": "2026-01-22T11:52:45Z"
  }
},
{
  "model": "token_blacklist.outstandingtoken",
  "pk": 1068,
  "fields": {
    "user": 10002,
    "jti": "f2eee3ea903744d08cdfdf63e9827bfd",
    "token": "eyJhbGciOiJIUzI1NiIsInR5cCI6IkpXVCJ9.eyJ0b2tlbl90eXBlIjoicmVmcmVzaCIsImV4cCI6MTc2OTA4NDEzOCwiaWF0IjoxNzY4OTk3NzM4LCJqdGkiOiJmMmVlZTNlYTkwMzc0NGQwOGNkZmRmNjNlOTgyN2JmZCIsInVzZXJfaWQiOjEwMDAyfQ.YOZHOhLO4lvuBzkHCmoscZTCG2npw4y_6ofizovcgcY",
    "created_at": "2026-01-21T12:15:38.284Z",
    "expires_at": "2026-01-22T12:15:38Z"
  }
},
{
  "model": "token_blacklist.outstandingtoken",
  "pk": 1069,
  "fields": {
    "user": 10002,
    "jti": "876b624315c341fa958cf4c1d4986db4",
    "token": "eyJhbGciOiJIUzI1NiIsInR5cCI6IkpXVCJ9.eyJ0b2tlbl90eXBlIjoicmVmcmVzaCIsImV4cCI6MTc2OTA4NTM5NiwiaWF0IjoxNzY4OTk4OTk2LCJqdGkiOiI4NzZiNjI0MzE1YzM0MWZhOTU4Y2Y0YzFkNDk4NmRiNCIsInVzZXJfaWQiOjEwMDAyfQ.HW0Cl_aeiv0yjn4kv9EcyK5EyttYU1Zl5-HymCzSyGE",
    "created_at": "2026-01-21T12:36:36.161Z",
    "expires_at": "2026-01-22T12:36:36Z"
  }
},
{
  "model": "token_blacklist.outstandingtoken",
  "pk": 1070,
  "fields": {
    "user": 10002,
    "jti": "bf2df4453a284435a97f4d777a5e3e4c",
    "token": "eyJhbGciOiJIUzI1NiIsInR5cCI6IkpXVCJ9.eyJ0b2tlbl90eXBlIjoicmVmcmVzaCIsImV4cCI6MTc2OTA5NDcwMCwiaWF0IjoxNzY5MDA4MzAwLCJqdGkiOiJiZjJkZjQ0NTNhMjg0NDM1YTk3ZjRkNzc3YTVlM2U0YyIsInVzZXJfaWQiOjEwMDAyfQ.GNoCC0IdfV8Ut9Rgpp7cnQMBEEzjCc5i4NkEMIPE9N4",
    "created_at": "2026-01-21T15:11:40.306Z",
    "expires_at": "2026-01-22T15:11:40Z"
  }
},
{
  "model": "token_blacklist.outstandingtoken",
  "pk": 1071,
  "fields": {
    "user": 10002,
    "jti": "2b9dad7bf81240b1926f816c75932100",
    "token": "eyJhbGciOiJIUzI1NiIsInR5cCI6IkpXVCJ9.eyJ0b2tlbl90eXBlIjoicmVmcmVzaCIsImV4cCI6MTc2OTA5ODU0NSwiaWF0IjoxNzY5MDEyMTQ1LCJqdGkiOiIyYjlkYWQ3YmY4MTI0MGIxOTI2ZjgxNmM3NTkzMjEwMCIsInVzZXJfaWQiOjEwMDAyfQ.VJwH7tAySlOPJBSinFItKXKNkS6pgEY93my1cujW8PI",
    "created_at": "2026-01-21T16:15:45.352Z",
    "expires_at": "2026-01-22T16:15:45Z"
  }
},
{
  "model": "token_blacklist.outstandingtoken",
  "pk": 1072,
  "fields": {
    "user": 10002,
    "jti": "1b54898d158c4d95a277f338abeb1bb6",
    "token": "eyJhbGciOiJIUzI1NiIsInR5cCI6IkpXVCJ9.eyJ0b2tlbl90eXBlIjoicmVmcmVzaCIsImV4cCI6MTc2OTA5OTUzMywiaWF0IjoxNzY5MDEzMTMzLCJqdGkiOiIxYjU0ODk4ZDE1OGM0ZDk1YTI3N2YzMzhhYmViMWJiNiIsInVzZXJfaWQiOjEwMDAyfQ.ha9lx91zZhrVOAWtKACbtGcHGHOPAPYPwxN2N4T2foU",
    "created_at": "2026-01-21T16:32:13.103Z",
    "expires_at": "2026-01-22T16:32:13Z"
  }
},
{
  "model": "token_blacklist.outstandingtoken",
  "pk": 1073,
  "fields": {
    "user": 10009,
    "jti": "51ae2857f53c49cc914b18290066a38d",
    "token": "eyJhbGciOiJIUzI1NiIsInR5cCI6IkpXVCJ9.eyJ0b2tlbl90eXBlIjoicmVmcmVzaCIsImV4cCI6MTc2OTYxMDc2NCwiaWF0IjoxNzY5NTI0MzY0LCJqdGkiOiI1MWFlMjg1N2Y1M2M0OWNjOTE0YjE4MjkwMDY2YTM4ZCIsInVzZXJfaWQiOjEwMDA5fQ.Kq50VuW_0WoIISeI3w126J4iKLuStkHnvFuL3FbddxY",
    "created_at": "2026-01-27T14:32:44.116Z",
    "expires_at": "2026-01-28T14:32:44Z"
  }
},
{
  "model": "token_blacklist.outstandingtoken",
  "pk": 1074,
  "fields": {
    "user": 10002,
    "jti": "b429a95d0746476faee275d0228cb27d",
    "token": "eyJhbGciOiJIUzI1NiIsInR5cCI6IkpXVCJ9.eyJ0b2tlbl90eXBlIjoicmVmcmVzaCIsImV4cCI6MTc2OTYxMTE1MCwiaWF0IjoxNzY5NTI0NzUwLCJqdGkiOiJiNDI5YTk1ZDA3NDY0NzZmYWVlMjc1ZDAyMjhjYjI3ZCIsInVzZXJfaWQiOjEwMDAyfQ.JnJGxBbZu04ZJcmVR0EkvbedbwezIfG-gaSJI7f6FyY",
    "created_at": "2026-01-27T14:39:10.682Z",
    "expires_at": "2026-01-28T14:39:10Z"
  }
},
{
  "model": "token_blacklist.outstandingtoken",
  "pk": 1075,
  "fields": {
    "user": 10020,
    "jti": "e6f8fa6494c64565ac965b3a319ecd6b",
    "token": "eyJhbGciOiJIUzI1NiIsInR5cCI6IkpXVCJ9.eyJ0b2tlbl90eXBlIjoicmVmcmVzaCIsImV4cCI6MTc2OTYxMTMzNCwiaWF0IjoxNzY5NTI0OTM0LCJqdGkiOiJlNmY4ZmE2NDk0YzY0NTY1YWM5NjViM2EzMTllY2Q2YiIsInVzZXJfaWQiOjEwMDIwfQ.CTFdcBXGv7mL-8OA-vE7L4K9i3pfzR5LN7gyBKyfrFo",
    "created_at": "2026-01-27T14:42:14.878Z",
    "expires_at": "2026-01-28T14:42:14Z"
  }
},
{
  "model": "token_blacklist.outstandingtoken",
  "pk": 1076,
  "fields": {
    "user": 10020,
    "jti": "45d738834aac4db1bcecdfca27fb8ab7",
    "token": "eyJhbGciOiJIUzI1NiIsInR5cCI6IkpXVCJ9.eyJ0b2tlbl90eXBlIjoicmVmcmVzaCIsImV4cCI6MTc2OTYxMTU3NywiaWF0IjoxNzY5NTI1MTc3LCJqdGkiOiI0NWQ3Mzg4MzRhYWM0ZGIxYmNlY2RmY2EyN2ZiOGFiNyIsInVzZXJfaWQiOjEwMDIwfQ.a4jyEdjwZFHvxY4czTYLIV9ECYHwYZwBUbpfXuzP_IY",
    "created_at": "2026-01-27T14:46:17.768Z",
    "expires_at": "2026-01-28T14:46:17Z"
  }
},
{
  "model": "token_blacklist.outstandingtoken",
  "pk": 1077,
  "fields": {
    "user": 10020,
    "jti": "f9277cc82ee74129a856a4ff2baf7684",
    "token": "eyJhbGciOiJIUzI1NiIsInR5cCI6IkpXVCJ9.eyJ0b2tlbl90eXBlIjoicmVmcmVzaCIsImV4cCI6MTc2OTYxMTY4MCwiaWF0IjoxNzY5NTI1MjgwLCJqdGkiOiJmOTI3N2NjODJlZTc0MTI5YTg1NmE0ZmYyYmFmNzY4NCIsInVzZXJfaWQiOjEwMDIwfQ.MESd_lb5_93EFa-w8ZnKn3fmAPIr5HFNGZCoTnwsdZE",
    "created_at": "2026-01-27T14:48:00.852Z",
    "expires_at": "2026-01-28T14:48:00Z"
  }
},
{
  "model": "token_blacklist.outstandingtoken",
  "pk": 1078,
  "fields": {
    "user": 10020,
    "jti": "92822aa7f84f4ca7b889fa2399bcba37",
    "token": "eyJhbGciOiJIUzI1NiIsInR5cCI6IkpXVCJ9.eyJ0b2tlbl90eXBlIjoicmVmcmVzaCIsImV4cCI6MTc2OTYxMTg3NiwiaWF0IjoxNzY5NTI1NDc2LCJqdGkiOiI5MjgyMmFhN2Y4NGY0Y2E3Yjg4OWZhMjM5OWJjYmEzNyIsInVzZXJfaWQiOjEwMDIwfQ.dPvf5v4mob25mj105ytKd5Lbg45ENhJicJ-dIRcNNu4",
    "created_at": "2026-01-27T14:51:16.447Z",
    "expires_at": "2026-01-28T14:51:16Z"
  }
},
{
  "model": "token_blacklist.outstandingtoken",
  "pk": 1079,
  "fields": {
    "user": 10020,
    "jti": "bd5df18a99f04904b2ebcc10ce9c51f4",
    "token": "eyJhbGciOiJIUzI1NiIsInR5cCI6IkpXVCJ9.eyJ0b2tlbl90eXBlIjoicmVmcmVzaCIsImV4cCI6MTc2OTYxMjIyNywiaWF0IjoxNzY5NTI1ODI3LCJqdGkiOiJiZDVkZjE4YTk5ZjA0OTA0YjJlYmNjMTBjZTljNTFmNCIsInVzZXJfaWQiOjEwMDIwfQ.rnWIG5b6lF1LFnXwl4eNoE_Mx-OlJ6PDIW7fuGWG6S4",
    "created_at": "2026-01-27T14:57:07.781Z",
    "expires_at": "2026-01-28T14:57:07Z"
  }
},
{
  "model": "token_blacklist.outstandingtoken",
  "pk": 1080,
  "fields": {
    "user": 10020,
    "jti": "095ffaae259e44eca0aae1475cf2a41d",
    "token": "eyJhbGciOiJIUzI1NiIsInR5cCI6IkpXVCJ9.eyJ0b2tlbl90eXBlIjoicmVmcmVzaCIsImV4cCI6MTc2OTYxMjQ1OSwiaWF0IjoxNzY5NTI2MDU5LCJqdGkiOiIwOTVmZmFhZTI1OWU0NGVjYTBhYWUxNDc1Y2YyYTQxZCIsInVzZXJfaWQiOjEwMDIwfQ.mX6LFSgNW3fYkyNUzC0cl2VA0lHZ2sO_EdVcGpP9HS8",
    "created_at": "2026-01-27T15:00:59.975Z",
    "expires_at": "2026-01-28T15:00:59Z"
  }
},
{
  "model": "token_blacklist.outstandingtoken",
  "pk": 1081,
  "fields": {
    "user": 10020,
    "jti": "408a5b5ed20844c5b6003b092216e8ed",
    "token": "eyJhbGciOiJIUzI1NiIsInR5cCI6IkpXVCJ9.eyJ0b2tlbl90eXBlIjoicmVmcmVzaCIsImV4cCI6MTc2OTYxNTQxOSwiaWF0IjoxNzY5NTI5MDE5LCJqdGkiOiI0MDhhNWI1ZWQyMDg0NGM1YjYwMDNiMDkyMjE2ZThlZCIsInVzZXJfaWQiOjEwMDIwfQ.oQLIv_oHOSsSQmjYhAMGYomaKGdfeOTgnEOV_sy4650",
    "created_at": "2026-01-27T15:50:19.345Z",
    "expires_at": "2026-01-28T15:50:19Z"
  }
},
{
  "model": "token_blacklist.outstandingtoken",
  "pk": 1082,
  "fields": {
    "user": 10020,
    "jti": "86da3fce65bc441a9ba550c48c8108df",
    "token": "eyJhbGciOiJIUzI1NiIsInR5cCI6IkpXVCJ9.eyJ0b2tlbl90eXBlIjoicmVmcmVzaCIsImV4cCI6MTc2OTYxNTUxNiwiaWF0IjoxNzY5NTI5MTE2LCJqdGkiOiI4NmRhM2ZjZTY1YmM0NDFhOWJhNTUwYzQ4YzgxMDhkZiIsInVzZXJfaWQiOjEwMDIwfQ.NDinQUzon5uQL31w-wWC9L5QJSkjKlfZ1cYqllrTPTY",
    "created_at": "2026-01-27T15:51:56.444Z",
    "expires_at": "2026-01-28T15:51:56Z"
  }
},
{
  "model": "token_blacklist.outstandingtoken",
  "pk": 1083,
  "fields": {
    "user": 10020,
    "jti": "ea0c7bce31fe44ee9cd570dfb0e14b3f",
    "token": "eyJhbGciOiJIUzI1NiIsInR5cCI6IkpXVCJ9.eyJ0b2tlbl90eXBlIjoicmVmcmVzaCIsImV4cCI6MTc2OTYxNTU4NCwiaWF0IjoxNzY5NTI5MTg0LCJqdGkiOiJlYTBjN2JjZTMxZmU0NGVlOWNkNTcwZGZiMGUxNGIzZiIsInVzZXJfaWQiOjEwMDIwfQ.dMI5cc1o24C4-mNKh-Qhe6P0FRk-5lL0q6BIUfhbGko",
    "created_at": "2026-01-27T15:53:04.646Z",
    "expires_at": "2026-01-28T15:53:04Z"
  }
},
{
  "model": "token_blacklist.outstandingtoken",
  "pk": 1084,
  "fields": {
    "user": 10020,
    "jti": "7df331533bab47598d46a77da38bba33",
    "token": "eyJhbGciOiJIUzI1NiIsInR5cCI6IkpXVCJ9.eyJ0b2tlbl90eXBlIjoicmVmcmVzaCIsImV4cCI6MTc2OTYxNjA4OSwiaWF0IjoxNzY5NTI5Njg5LCJqdGkiOiI3ZGYzMzE1MzNiYWI0NzU5OGQ0NmE3N2RhMzhiYmEzMyIsInVzZXJfaWQiOjEwMDIwfQ.Wycmr-Nz1O9hiyli8AHXJaQvNZDQdYZdOuPwixx1yd8",
    "created_at": "2026-01-27T16:01:29.336Z",
    "expires_at": "2026-01-28T16:01:29Z"
  }
},
{
  "model": "token_blacklist.outstandingtoken",
  "pk": 1085,
  "fields": {
    "user": 10020,
    "jti": "d2a6769d12c843feada56667549501c7",
    "token": "eyJhbGciOiJIUzI1NiIsInR5cCI6IkpXVCJ9.eyJ0b2tlbl90eXBlIjoicmVmcmVzaCIsImV4cCI6MTc2OTYxNjI2NSwiaWF0IjoxNzY5NTI5ODY1LCJqdGkiOiJkMmE2NzY5ZDEyYzg0M2ZlYWRhNTY2Njc1NDk1MDFjNyIsInVzZXJfaWQiOjEwMDIwfQ.epHF9Sfav1fnfKau4IHR9SVM1d3Nwz-wG1Q01mBck0g",
    "created_at": "2026-01-27T16:04:25.758Z",
    "expires_at": "2026-01-28T16:04:25Z"
  }
},
{
  "model": "token_blacklist.outstandingtoken",
  "pk": 1086,
  "fields": {
    "user": 10020,
    "jti": "a6c0e1f7cd3f481783f44b584bae3b47",
    "token": "eyJhbGciOiJIUzI1NiIsInR5cCI6IkpXVCJ9.eyJ0b2tlbl90eXBlIjoicmVmcmVzaCIsImV4cCI6MTc2OTYxNjMzOSwiaWF0IjoxNzY5NTI5OTM5LCJqdGkiOiJhNmMwZTFmN2NkM2Y0ODE3ODNmNDRiNTg0YmFlM2I0NyIsInVzZXJfaWQiOjEwMDIwfQ.JotGGjkJQ8NUH9vkqnARLth738QhN8k-2Xy19acRMxo",
    "created_at": "2026-01-27T16:05:39.581Z",
    "expires_at": "2026-01-28T16:05:39Z"
  }
},
{
  "model": "token_blacklist.outstandingtoken",
  "pk": 1087,
  "fields": {
    "user": 10020,
    "jti": "7573013f257d4ed1b0ab0cc49d607e6f",
    "token": "eyJhbGciOiJIUzI1NiIsInR5cCI6IkpXVCJ9.eyJ0b2tlbl90eXBlIjoicmVmcmVzaCIsImV4cCI6MTc2OTYxNjQ0OCwiaWF0IjoxNzY5NTMwMDQ4LCJqdGkiOiI3NTczMDEzZjI1N2Q0ZWQxYjBhYjBjYzQ5ZDYwN2U2ZiIsInVzZXJfaWQiOjEwMDIwfQ.7XjwaT39qKJ8Ut4FDmIAkdgay5dErKxSn_VURgdHMk8",
    "created_at": "2026-01-27T16:07:28.497Z",
    "expires_at": "2026-01-28T16:07:28Z"
  }
},
{
  "model": "token_blacklist.outstandingtoken",
  "pk": 1088,
  "fields": {
    "user": 10009,
    "jti": "f2a86a5dc6714df5880ab69506d0be16",
    "token": "eyJhbGciOiJIUzI1NiIsInR5cCI6IkpXVCJ9.eyJ0b2tlbl90eXBlIjoicmVmcmVzaCIsImV4cCI6MTc2OTYxNzExMSwiaWF0IjoxNzY5NTMwNzExLCJqdGkiOiJmMmE4NmE1ZGM2NzE0ZGY1ODgwYWI2OTUwNmQwYmUxNiIsInVzZXJfaWQiOjEwMDA5fQ.LPBoyA1-omuJgBdBUWknZcEGtz2l6i627BUcqUZ4bi8",
    "created_at": "2026-01-27T16:18:31.421Z",
    "expires_at": "2026-01-28T16:18:31Z"
  }
},
{
  "model": "token_blacklist.outstandingtoken",
  "pk": 1089,
  "fields": {
    "user": 10020,
    "jti": "e5e9f98ab8ed45a29efe92f9da3093d3",
    "token": "eyJhbGciOiJIUzI1NiIsInR5cCI6IkpXVCJ9.eyJ0b2tlbl90eXBlIjoicmVmcmVzaCIsImV4cCI6MTc2OTYxNzE3MywiaWF0IjoxNzY5NTMwNzczLCJqdGkiOiJlNWU5Zjk4YWI4ZWQ0NWEyOWVmZTkyZjlkYTMwOTNkMyIsInVzZXJfaWQiOjEwMDIwfQ.3LP0TgTPJdf3L1oJ9YOVPgLJzUBZSdaxFMLhKOSVZg8",
    "created_at": "2026-01-27T16:19:33.506Z",
    "expires_at": "2026-01-28T16:19:33Z"
  }
},
{
  "model": "token_blacklist.outstandingtoken",
  "pk": 1090,
  "fields": {
    "user": 10002,
    "jti": "a4fb74b2216f43e19eb1dd3d517546b4",
    "token": "eyJhbGciOiJIUzI1NiIsInR5cCI6IkpXVCJ9.eyJ0b2tlbl90eXBlIjoicmVmcmVzaCIsImV4cCI6MTc3Mjc1MDE0NSwiaWF0IjoxNzcyNjYzNzQ1LCJqdGkiOiJhNGZiNzRiMjIxNmY0M2UxOWViMWRkM2Q1MTc1NDZiNCIsInVzZXJfaWQiOjEwMDAyfQ.C2YNz8-wSNYBz2NN2Puiz4q_5DScuUzRE1obfUzzgqE",
    "created_at": "2026-03-04T22:35:45.242Z",
    "expires_at": "2026-03-05T22:35:45Z"
  }
},
{
  "model": "token_blacklist.outstandingtoken",
  "pk": 1091,
  "fields": {
    "user": 10003,
    "jti": "1908ed35db734424a105511c77cd5ff0",
    "token": "eyJhbGciOiJIUzI1NiIsInR5cCI6IkpXVCJ9.eyJ0b2tlbl90eXBlIjoicmVmcmVzaCIsImV4cCI6MTc3Mjc1MDkxNCwiaWF0IjoxNzcyNjY0NTE0LCJqdGkiOiIxOTA4ZWQzNWRiNzM0NDI0YTEwNTUxMWM3N2NkNWZmMCIsInVzZXJfaWQiOjEwMDAzfQ.sUHDuzaTYi3kuWBg4kM37bPxURlLOVlbgaXsdEdG8aE",
    "created_at": "2026-03-04T22:48:34.836Z",
    "expires_at": "2026-03-05T22:48:34Z"
  }
},
{
  "model": "token_blacklist.outstandingtoken",
  "pk": 1092,
  "fields": {
    "user": 10002,
    "jti": "eb997ac7ee6847ceadccb65aca5f8e37",
    "token": "eyJhbGciOiJIUzI1NiIsInR5cCI6IkpXVCJ9.eyJ0b2tlbl90eXBlIjoicmVmcmVzaCIsImV4cCI6MTc3Mjk5ODQ2MiwiaWF0IjoxNzcyOTEyMDYyLCJqdGkiOiJlYjk5N2FjN2VlNjg0N2NlYWRjY2I2NWFjYTVmOGUzNyIsInVzZXJfaWQiOjEwMDAyfQ.7ANYyJSAu9D84Y5B1pdcjA917NWM40F2JM5mgVyw5rY",
    "created_at": "2026-03-07T19:34:22.667Z",
    "expires_at": "2026-03-08T19:34:22Z"
  }
},
{
  "model": "token_blacklist.outstandingtoken",
  "pk": 1093,
  "fields": {
    "user": 10002,
    "jti": "897b3bae5a7d4718816d0ee145eb2553",
    "token": "eyJhbGciOiJIUzI1NiIsInR5cCI6IkpXVCJ9.eyJ0b2tlbl90eXBlIjoicmVmcmVzaCIsImV4cCI6MTc3Mjk5ODcwOCwiaWF0IjoxNzcyOTEyMzA4LCJqdGkiOiI4OTdiM2JhZTVhN2Q0NzE4ODE2ZDBlZTE0NWViMjU1MyIsInVzZXJfaWQiOjEwMDAyfQ.9upYNaKk8xg87TLCcU0ihxydDMcWmZXp0jvA2PQSJ4U",
    "created_at": "2026-03-07T19:38:28.528Z",
    "expires_at": "2026-03-08T19:38:28Z"
  }
},
{
  "model": "token_blacklist.outstandingtoken",
  "pk": 1094,
  "fields": {
    "user": 10002,
    "jti": "0af4e7b880bd4c2db91093d1e46ca366",
    "token": "eyJhbGciOiJIUzI1NiIsInR5cCI6IkpXVCJ9.eyJ0b2tlbl90eXBlIjoicmVmcmVzaCIsImV4cCI6MTc3Mjk5OTgwNCwiaWF0IjoxNzcyOTEzNDA0LCJqdGkiOiIwYWY0ZTdiODgwYmQ0YzJkYjkxMDkzZDFlNDZjYTM2NiIsInVzZXJfaWQiOjEwMDAyfQ.qnTreYNCZiVYTILlICTKepp2ki23H5ga-hmzo-TBgk4",
    "created_at": "2026-03-07T19:56:44.322Z",
    "expires_at": "2026-03-08T19:56:44Z"
  }
},
{
  "model": "token_blacklist.outstandingtoken",
  "pk": 1095,
  "fields": {
    "user": 10002,
    "jti": "5247d78025ae4136899549520ac6bfab",
    "token": "eyJhbGciOiJIUzI1NiIsInR5cCI6IkpXVCJ9.eyJ0b2tlbl90eXBlIjoicmVmcmVzaCIsImV4cCI6MTc3MzAwMjU1MSwiaWF0IjoxNzcyOTE2MTUxLCJqdGkiOiI1MjQ3ZDc4MDI1YWU0MTM2ODk5NTQ5NTIwYWM2YmZhYiIsInVzZXJfaWQiOjEwMDAyfQ.gi_XJLXB5OLdUZ9F70wVdZ2jdg7hGLLfSp6fT62pqH8",
    "created_at": "2026-03-07T20:42:31.507Z",
    "expires_at": "2026-03-08T20:42:31Z"
  }
},
{
  "model": "token_blacklist.outstandingtoken",
  "pk": 1096,
  "fields": {
    "user": 10002,
    "jti": "a9d9da381800458ca6bbc63ae31fc938",
    "token": "eyJhbGciOiJIUzI1NiIsInR5cCI6IkpXVCJ9.eyJ0b2tlbl90eXBlIjoicmVmcmVzaCIsImV4cCI6MTc3MzA4ODg1MywiaWF0IjoxNzczMDAyNDUzLCJqdGkiOiJhOWQ5ZGEzODE4MDA0NThjYTZiYmM2M2FlMzFmYzkzOCIsInVzZXJfaWQiOjEwMDAyfQ.lYNgGvc0j9yJNscsaejJ3eCu7ZmLGa8HjSq8hvdNhUU",
    "created_at": "2026-03-08T20:40:53.860Z",
    "expires_at": "2026-03-09T20:40:53Z"
  }
},
{
  "model": "token_blacklist.outstandingtoken",
  "pk": 1097,
  "fields": {
    "user": 10002,
    "jti": "4be6b9b4005f49d7b7cc579f439bd3d4",
    "token": "eyJhbGciOiJIUzI1NiIsInR5cCI6IkpXVCJ9.eyJ0b2tlbl90eXBlIjoicmVmcmVzaCIsImV4cCI6MTc3MzA4OTg2OCwiaWF0IjoxNzczMDAzNDY4LCJqdGkiOiI0YmU2YjliNDAwNWY0OWQ3YjdjYzU3OWY0MzliZDNkNCIsInVzZXJfaWQiOjEwMDAyfQ.cuLTxX7jrOiA8p4JE9q62tDIsjQGY--gR_jfpMbPA4Q",
    "created_at": "2026-03-08T20:57:48.602Z",
    "expires_at": "2026-03-09T20:57:48Z"
  }
},
{
  "model": "token_blacklist.outstandingtoken",
  "pk": 1098,
  "fields": {
    "user": null,
    "jti": "97d9b24820f94cd090b56b67ab54da79",
    "token": "eyJhbGciOiJIUzI1NiIsInR5cCI6IkpXVCJ9.eyJ0b2tlbl90eXBlIjoicmVmcmVzaCIsImV4cCI6MTc3MzA5ODAxMCwiaWF0IjoxNzczMDExNjEwLCJqdGkiOiI5N2Q5YjI0ODIwZjk0Y2QwOTBiNTZiNjdhYjU0ZGE3OSIsInVzZXJfaWQiOjF9.bgt4hul84sgbJnict6zFZ1QSDh2XG0F3y0G5nCLMlbk",
    "created_at": null,
    "expires_at": "2026-03-09T23:13:30Z"
  }
},
{
  "model": "token_blacklist.outstandingtoken",
  "pk": 1100,
  "fields": {
    "user": 10002,
    "jti": "89de32713ce54b698914dd7972176972",
    "token": "eyJhbGciOiJIUzI1NiIsInR5cCI6IkpXVCJ9.eyJ0b2tlbl90eXBlIjoicmVmcmVzaCIsImV4cCI6MTc3MzA5OTA1NywiaWF0IjoxNzczMDEyNjU3LCJqdGkiOiI4OWRlMzI3MTNjZTU0YjY5ODkxNGRkNzk3MjE3Njk3MiIsInVzZXJfaWQiOjEwMDAyfQ.yOPuxXjDbIbOkcRtaqfi4tkOA_SMgNcNJr1TEApZJzI",
    "created_at": "2026-03-08T23:30:57.070Z",
    "expires_at": "2026-03-09T23:30:57Z"
  }
},
{
  "model": "token_blacklist.outstandingtoken",
  "pk": 1102,
  "fields": {
    "user": null,
    "jti": "6341b7bd9a2d4e958b022e0ebd4d0214",
    "token": "eyJhbGciOiJIUzI1NiIsInR5cCI6IkpXVCJ9.eyJ0b2tlbl90eXBlIjoicmVmcmVzaCIsImV4cCI6MTc3MzEwMDU0NiwiaWF0IjoxNzczMDE0MTQ2LCJqdGkiOiI2MzQxYjdiZDlhMmQ0ZTk1OGIwMjJlMGViZDRkMDIxNCIsInVzZXJfaWQiOjF9.0psPP37f_rBc5E40ygbFSwrWBBN4VFW174kHvSnu_3s",
    "created_at": null,
    "expires_at": "2026-03-09T23:55:46Z"
  }
},
{
  "model": "token_blacklist.outstandingtoken",
  "pk": 1103,
  "fields": {
    "user": 10002,
    "jti": "01ab0d0704b249a79c9a160a49240b01",
    "token": "eyJhbGciOiJIUzI1NiIsInR5cCI6IkpXVCJ9.eyJ0b2tlbl90eXBlIjoicmVmcmVzaCIsImV4cCI6MTc3MzEwMTI1NSwiaWF0IjoxNzczMDE0ODU1LCJqdGkiOiIwMWFiMGQwNzA0YjI0OWE3OWM5YTE2MGE0OTI0MGIwMSIsInVzZXJfaWQiOjEwMDAyfQ.gSewtGbdMq3I2smkdIuHT_Ly16d77Bx92P8XUPJnOWA",
    "created_at": "2026-03-09T00:07:35.829Z",
    "expires_at": "2026-03-10T00:07:35Z"
  }
},
{
  "model": "token_blacklist.outstandingtoken",
  "pk": 1104,
  "fields": {
    "user": 10002,
    "jti": "8bdedc3e23c74d56bdcf8a5866b2c61a",
    "token": "eyJhbGciOiJIUzI1NiIsInR5cCI6IkpXVCJ9.eyJ0b2tlbl90eXBlIjoicmVmcmVzaCIsImV4cCI6MTc3MzE0MjQ4OCwiaWF0IjoxNzczMDU2MDg4LCJqdGkiOiI4YmRlZGMzZTIzYzc0ZDU2YmRjZjhhNTg2NmIyYzYxYSIsInVzZXJfaWQiOjEwMDAyfQ.pLJjQxP6TsIUR4-YdI6dJ35sEaqfDCKBvQRZR-131BQ",
    "created_at": "2026-03-09T11:34:48.975Z",
    "expires_at": "2026-03-10T11:34:48Z"
  }
},
{
  "model": "token_blacklist.outstandingtoken",
  "pk": 1105,
  "fields": {
    "user": 10002,
    "jti": "cbb77966268644889c248339730aad30",
    "token": "eyJhbGciOiJIUzI1NiIsInR5cCI6IkpXVCJ9.eyJ0b2tlbl90eXBlIjoicmVmcmVzaCIsImV4cCI6MTc3MzE0MjgxOSwiaWF0IjoxNzczMDU2NDE5LCJqdGkiOiJjYmI3Nzk2NjI2ODY0NDg4OWMyNDgzMzk3MzBhYWQzMCIsInVzZXJfaWQiOjEwMDAyfQ.9PC5Qcze0aThs0v_kJskb4XdSr7Ansea4BAbZU30AwI",
    "created_at": "2026-03-09T11:40:19.717Z",
    "expires_at": "2026-03-10T11:40:19Z"
  }
},
{
  "model": "token_blacklist.outstandingtoken",
  "pk": 1106,
  "fields": {
    "user": 10023,
    "jti": "40abfa299fe74d81bc663611e9535129",
    "token": "eyJhbGciOiJIUzI1NiIsInR5cCI6IkpXVCJ9.eyJ0b2tlbl90eXBlIjoicmVmcmVzaCIsImV4cCI6MTc3MzE0Mzc1MywiaWF0IjoxNzczMDU3MzUzLCJqdGkiOiI0MGFiZmEyOTlmZTc0ZDgxYmM2NjM2MTFlOTUzNTEyOSIsInVzZXJfaWQiOjEwMDIzfQ.0FaoP9Q5-Wc04Y5C7p1LA-ZBrBcOw-TvYrS0TtGJfc0",
    "created_at": "2026-03-09T11:55:53.034Z",
    "expires_at": "2026-03-10T11:55:53Z"
  }
},
{
  "model": "token_blacklist.outstandingtoken",
  "pk": 1107,
  "fields": {
    "user": 10023,
    "jti": "f71836e798c04f868b77c32d59b84ee6",
    "token": "eyJhbGciOiJIUzI1NiIsInR5cCI6IkpXVCJ9.eyJ0b2tlbl90eXBlIjoicmVmcmVzaCIsImV4cCI6MTc3MzE0Mzc3NiwiaWF0IjoxNzczMDU3Mzc2LCJqdGkiOiJmNzE4MzZlNzk4YzA0Zjg2OGI3N2MzMmQ1OWI4NGVlNiIsInVzZXJfaWQiOjEwMDIzfQ.Uy4BPlexG7XxBMw5l7ehaeuz1fYEUHT2O-lVhqaZD2Y",
    "created_at": "2026-03-09T11:56:16.855Z",
    "expires_at": "2026-03-10T11:56:16Z"
  }
},
{
  "model": "token_blacklist.outstandingtoken",
  "pk": 1108,
  "fields": {
    "user": 10023,
    "jti": "6045f1d96b49414698936d7059005789",
    "token": "eyJhbGciOiJIUzI1NiIsInR5cCI6IkpXVCJ9.eyJ0b2tlbl90eXBlIjoicmVmcmVzaCIsImV4cCI6MTc3MzE0NDAwNCwiaWF0IjoxNzczMDU3NjA0LCJqdGkiOiI2MDQ1ZjFkOTZiNDk0MTQ2OTg5MzZkNzA1OTAwNTc4OSIsInVzZXJfaWQiOjEwMDIzfQ.GGiucxfshETmpxiakW3nCSea-9aemfU-M1RWg8KaSZ8",
    "created_at": "2026-03-09T12:00:04.809Z",
    "expires_at": "2026-03-10T12:00:04Z"
  }
},
{
  "model": "token_blacklist.outstandingtoken",
  "pk": 1109,
  "fields": {
    "user": 10023,
    "jti": "4d90b3c235084b19a64d0351138d51fb",
    "token": "eyJhbGciOiJIUzI1NiIsInR5cCI6IkpXVCJ9.eyJ0b2tlbl90eXBlIjoicmVmcmVzaCIsImV4cCI6MTc3MzE1MDI5NSwiaWF0IjoxNzczMDYzODk1LCJqdGkiOiI0ZDkwYjNjMjM1MDg0YjE5YTY0ZDAzNTExMzhkNTFmYiIsInVzZXJfaWQiOjEwMDIzfQ.sYkBd8nzrNbn9e2IhF8pVg2m9pIHv5-DjkeRwqzR9dg",
    "created_at": "2026-03-09T13:44:55.044Z",
    "expires_at": "2026-03-10T13:44:55Z"
  }
},
{
  "model": "token_blacklist.outstandingtoken",
  "pk": 1110,
  "fields": {
    "user": 10023,
    "jti": "549979a40b604614842f0b73f49e20b2",
    "token": "eyJhbGciOiJIUzI1NiIsInR5cCI6IkpXVCJ9.eyJ0b2tlbl90eXBlIjoicmVmcmVzaCIsImV4cCI6MTc3MzE1MDM2NSwiaWF0IjoxNzczMDYzOTY1LCJqdGkiOiI1NDk5NzlhNDBiNjA0NjE0ODQyZjBiNzNmNDllMjBiMiIsInVzZXJfaWQiOjEwMDIzfQ.Nwy2J1ZwLTIVyl3ZcFXX_7QQ7iopaRDSfpKnyI7ErFo",
    "created_at": "2026-03-09T13:46:05.552Z",
    "expires_at": "2026-03-10T13:46:05Z"
  }
},
{
  "model": "token_blacklist.outstandingtoken",
  "pk": 1111,
  "fields": {
    "user": 10023,
    "jti": "9d45428045a843b9bd1d5a6b7f3a5665",
    "token": "eyJhbGciOiJIUzI1NiIsInR5cCI6IkpXVCJ9.eyJ0b2tlbl90eXBlIjoicmVmcmVzaCIsImV4cCI6MTc3MzE1MDQ0MSwiaWF0IjoxNzczMDY0MDQxLCJqdGkiOiI5ZDQ1NDI4MDQ1YTg0M2I5YmQxZDVhNmI3ZjNhNTY2NSIsInVzZXJfaWQiOjEwMDIzfQ.hKdGw6JwjJ6M_qouG4Jn2NJRV7HR5ZG564_2X7MWcqU",
    "created_at": "2026-03-09T13:47:21.407Z",
    "expires_at": "2026-03-10T13:47:21Z"
  }
},
{
  "model": "token_blacklist.outstandingtoken",
  "pk": 1112,
  "fields": {
    "user": 10023,
    "jti": "38b868afbf5b4f49a9b8248a3ea56d39",
    "token": "eyJhbGciOiJIUzI1NiIsInR5cCI6IkpXVCJ9.eyJ0b2tlbl90eXBlIjoicmVmcmVzaCIsImV4cCI6MTc3MzE1MDQ0MywiaWF0IjoxNzczMDY0MDQzLCJqdGkiOiIzOGI4NjhhZmJmNWI0ZjQ5YTliODI0OGEzZWE1NmQzOSIsInVzZXJfaWQiOjEwMDIzfQ.yBcmBB7whFc2wwZIBriB5MUzu8ZmCO0XUtU1WeKsKTs",
    "created_at": "2026-03-09T13:47:23.862Z",
    "expires_at": "2026-03-10T13:47:23Z"
  }
},
{
  "model": "token_blacklist.outstandingtoken",
  "pk": 1113,
  "fields": {
    "user": 10023,
    "jti": "c1cd48c06b0c4e85ae4db577edbb0507",
    "token": "eyJhbGciOiJIUzI1NiIsInR5cCI6IkpXVCJ9.eyJ0b2tlbl90eXBlIjoicmVmcmVzaCIsImV4cCI6MTc3MzE1MDYxOSwiaWF0IjoxNzczMDY0MjE5LCJqdGkiOiJjMWNkNDhjMDZiMGM0ZTg1YWU0ZGI1NzdlZGJiMDUwNyIsInVzZXJfaWQiOjEwMDIzfQ.9oXyjMiwOV5I1rgMvEIK6y4WZyHnGYmGxaMKUjg1lBA",
    "created_at": "2026-03-09T13:50:19.837Z",
    "expires_at": "2026-03-10T13:50:19Z"
  }
},
{
  "model": "token_blacklist.outstandingtoken",
  "pk": 1114,
  "fields": {
    "user": 10023,
    "jti": "c99fb6df819d446d90e8cf1cd751e9cc",
    "token": "eyJhbGciOiJIUzI1NiIsInR5cCI6IkpXVCJ9.eyJ0b2tlbl90eXBlIjoicmVmcmVzaCIsImV4cCI6MTc3MzE1MDYzMiwiaWF0IjoxNzczMDY0MjMyLCJqdGkiOiJjOTlmYjZkZjgxOWQ0NDZkOTBlOGNmMWNkNzUxZTljYyIsInVzZXJfaWQiOjEwMDIzfQ.8GHDsahdyyegLxXfCrJ-TeatTN3pa_O0NK4z7NirYww",
    "created_at": "2026-03-09T13:50:32.975Z",
    "expires_at": "2026-03-10T13:50:32Z"
  }
},
{
  "model": "token_blacklist.outstandingtoken",
  "pk": 1115,
  "fields": {
    "user": 10002,
    "jti": "aac893ec45b1415f9ce0ef4f9f7874aa",
    "token": "eyJhbGciOiJIUzI1NiIsInR5cCI6IkpXVCJ9.eyJ0b2tlbl90eXBlIjoicmVmcmVzaCIsImV4cCI6MTc3NDAxMzEwMSwiaWF0IjoxNzczOTI2NzAxLCJqdGkiOiJhYWM4OTNlYzQ1YjE0MTVmOWNlMGVmNGY5Zjc4NzRhYSIsInVzZXJfaWQiOjEwMDAyfQ.m_EJUIpS8_pTeT4lyXbfYD4vgz1ZURztM6j3Asg1coo",
    "created_at": "2026-03-19T13:25:01.527Z",
    "expires_at": "2026-03-20T13:25:01Z"
  }
},
{
  "model": "token_blacklist.outstandingtoken",
  "pk": 1116,
  "fields": {
    "user": 10002,
    "jti": "678cba5fbbe443a59bf2f413b48f9e55",
    "token": "eyJhbGciOiJIUzI1NiIsInR5cCI6IkpXVCJ9.eyJ0b2tlbl90eXBlIjoicmVmcmVzaCIsImV4cCI6MTc3NDAxMzE3NiwiaWF0IjoxNzczOTI2Nzc2LCJqdGkiOiI2NzhjYmE1ZmJiZTQ0M2E1OWJmMmY0MTNiNDhmOWU1NSIsInVzZXJfaWQiOjEwMDAyfQ.upA6VtKuhM5d-xYzzx2DcdnWp7C2Pvz2RE5UwQmKKRY",
    "created_at": "2026-03-19T13:26:16.419Z",
    "expires_at": "2026-03-20T13:26:16Z"
  }
},
{
  "model": "token_blacklist.outstandingtoken",
  "pk": 1117,
  "fields": {
    "user": 10002,
    "jti": "9d2f43f27ae74218a3a8d8108194425e",
    "token": "eyJhbGciOiJIUzI1NiIsInR5cCI6IkpXVCJ9.eyJ0b2tlbl90eXBlIjoicmVmcmVzaCIsImV4cCI6MTc3NDAxMzQwNSwiaWF0IjoxNzczOTI3MDA1LCJqdGkiOiI5ZDJmNDNmMjdhZTc0MjE4YTNhOGQ4MTA4MTk0NDI1ZSIsInVzZXJfaWQiOjEwMDAyfQ.b93LeEyDDmkX2EIEGkH1tu--ShIhOZdqtLySJyBTzuE",
    "created_at": "2026-03-19T13:30:05.830Z",
    "expires_at": "2026-03-20T13:30:05Z"
  }
},
{
  "model": "token_blacklist.outstandingtoken",
  "pk": 1118,
  "fields": {
    "user": 10002,
    "jti": "61c059588d5b49e6a43c761965bab648",
    "token": "eyJhbGciOiJIUzI1NiIsInR5cCI6IkpXVCJ9.eyJ0b2tlbl90eXBlIjoicmVmcmVzaCIsImV4cCI6MTc3NDAxMzYwMCwiaWF0IjoxNzczOTI3MjAwLCJqdGkiOiI2MWMwNTk1ODhkNWI0OWU2YTQzYzc2MTk2NWJhYjY0OCIsInVzZXJfaWQiOjEwMDAyfQ.YrcymCZH0JCwuUfnPBvPvcA1cZJEcJ9Hh-aMVnzve7c",
    "created_at": "2026-03-19T13:33:20.335Z",
    "expires_at": "2026-03-20T13:33:20Z"
  }
},
{
  "model": "token_blacklist.outstandingtoken",
  "pk": 1119,
  "fields": {
    "user": 10002,
    "jti": "264f80c097c14a97b9768bf0908f635a",
    "token": "eyJhbGciOiJIUzI1NiIsInR5cCI6IkpXVCJ9.eyJ0b2tlbl90eXBlIjoicmVmcmVzaCIsImV4cCI6MTc3NDAxMzY1MiwiaWF0IjoxNzczOTI3MjUyLCJqdGkiOiIyNjRmODBjMDk3YzE0YTk3Yjk3NjhiZjA5MDhmNjM1YSIsInVzZXJfaWQiOjEwMDAyfQ.og6J7WdEwebpWmIgKXN48M-1QDh0HFgeIHuFFWkMgTE",
    "created_at": "2026-03-19T13:34:12.289Z",
    "expires_at": "2026-03-20T13:34:12Z"
  }
},
{
  "model": "token_blacklist.outstandingtoken",
  "pk": 1120,
  "fields": {
    "user": 10002,
    "jti": "fe289589cb6d470997aa7fd6d7df1e6f",
    "token": "eyJhbGciOiJIUzI1NiIsInR5cCI6IkpXVCJ9.eyJ0b2tlbl90eXBlIjoicmVmcmVzaCIsImV4cCI6MTc3NDAxMzc1MCwiaWF0IjoxNzczOTI3MzUwLCJqdGkiOiJmZTI4OTU4OWNiNmQ0NzA5OTdhYTdmZDZkN2RmMWU2ZiIsInVzZXJfaWQiOjEwMDAyfQ.swsY90JE6Zr-gsnc8b7OZGOLJpnvJST1vx4CFkMue1I",
    "created_at": "2026-03-19T13:35:50.903Z",
    "expires_at": "2026-03-20T13:35:50Z"
  }
},
{
  "model": "token_blacklist.outstandingtoken",
  "pk": 1121,
  "fields": {
    "user": 10002,
    "jti": "25f1a664de9040ef89197d383394be5c",
    "token": "eyJhbGciOiJIUzI1NiIsInR5cCI6IkpXVCJ9.eyJ0b2tlbl90eXBlIjoicmVmcmVzaCIsImV4cCI6MTc3NDAxMzc4NSwiaWF0IjoxNzczOTI3Mzg1LCJqdGkiOiIyNWYxYTY2NGRlOTA0MGVmODkxOTdkMzgzMzk0YmU1YyIsInVzZXJfaWQiOjEwMDAyfQ.FO6fqLF5CCLGfU2ZpGiifPR0H5j-PLyl_lKhIGAwbPk",
    "created_at": "2026-03-19T13:36:25.679Z",
    "expires_at": "2026-03-20T13:36:25Z"
  }
},
{
  "model": "token_blacklist.outstandingtoken",
  "pk": 1122,
  "fields": {
    "user": 10002,
    "jti": "3afaca32c2c64c6788e22e770565c6a0",
    "token": "eyJhbGciOiJIUzI1NiIsInR5cCI6IkpXVCJ9.eyJ0b2tlbl90eXBlIjoicmVmcmVzaCIsImV4cCI6MTc3NDAxNDEyNSwiaWF0IjoxNzczOTI3NzI1LCJqdGkiOiIzYWZhY2EzMmMyYzY0YzY3ODhlMjJlNzcwNTY1YzZhMCIsInVzZXJfaWQiOjEwMDAyfQ.JM_La-Ty0v7vXMliZXtaphTERgZkc9WA29yXq9vraKg",
    "created_at": "2026-03-19T13:42:05.786Z",
    "expires_at": "2026-03-20T13:42:05Z"
  }
},
{
  "model": "token_blacklist.outstandingtoken",
  "pk": 1123,
  "fields": {
    "user": 10002,
    "jti": "6f2301fa5e3945fda9d7947b74742c87",
    "token": "eyJhbGciOiJIUzI1NiIsInR5cCI6IkpXVCJ9.eyJ0b2tlbl90eXBlIjoicmVmcmVzaCIsImV4cCI6MTc3NDAxNDY2MywiaWF0IjoxNzczOTI4MjYzLCJqdGkiOiI2ZjIzMDFmYTVlMzk0NWZkYTlkNzk0N2I3NDc0MmM4NyIsInVzZXJfaWQiOjEwMDAyfQ.MK8a7gA6I9CdNRVB4QG088QjOdY8tiM3wIvl8egi3Ks",
    "created_at": "2026-03-19T13:51:03.219Z",
    "expires_at": "2026-03-20T13:51:03Z"
  }
},
{
  "model": "token_blacklist.outstandingtoken",
  "pk": 1124,
  "fields": {
    "user": 10002,
    "jti": "556ae37646904321a09e7c131465a3df",
    "token": "eyJhbGciOiJIUzI1NiIsInR5cCI6IkpXVCJ9.eyJ0b2tlbl90eXBlIjoicmVmcmVzaCIsImV4cCI6MTc3NDAxNDgzMywiaWF0IjoxNzczOTI4NDMzLCJqdGkiOiI1NTZhZTM3NjQ2OTA0MzIxYTA5ZTdjMTMxNDY1YTNkZiIsInVzZXJfaWQiOjEwMDAyfQ.r8JgiHAxujmVA8x6Rt_J7Y5k5UKLeIYgcC9b5YcHk6c",
    "created_at": "2026-03-19T13:53:53.448Z",
    "expires_at": "2026-03-20T13:53:53Z"
  }
},
{
  "model": "token_blacklist.outstandingtoken",
  "pk": 1125,
  "fields": {
    "user": 10002,
    "jti": "c9eb2a922ccc41168de304dfc466a7f3",
    "token": "eyJhbGciOiJIUzI1NiIsInR5cCI6IkpXVCJ9.eyJ0b2tlbl90eXBlIjoicmVmcmVzaCIsImV4cCI6MTc3NDAxNTM1MCwiaWF0IjoxNzczOTI4OTUwLCJqdGkiOiJjOWViMmE5MjJjY2M0MTE2OGRlMzA0ZGZjNDY2YTdmMyIsInVzZXJfaWQiOjEwMDAyfQ.CefQRuMO6Rhb2PGO0Mc_Z6Mogph8K-giCmjY8oCTm80",
    "created_at": "2026-03-19T14:02:30.709Z",
    "expires_at": "2026-03-20T14:02:30Z"
  }
},
{
  "model": "token_blacklist.outstandingtoken",
  "pk": 1126,
  "fields": {
    "user": 10024,
    "jti": "82c43fa970bb42e58845e6b9656509e9",
    "token": "eyJhbGciOiJIUzI1NiIsInR5cCI6IkpXVCJ9.eyJ0b2tlbl90eXBlIjoicmVmcmVzaCIsImV4cCI6MTc3NDAxNTY3OSwiaWF0IjoxNzczOTI5Mjc5LCJqdGkiOiI4MmM0M2ZhOTcwYmI0MmU1ODg0NWU2Yjk2NTY1MDllOSIsInVzZXJfaWQiOjEwMDI0fQ.4ejUX27jhALXb0cOjSFu_cC7K13VLPogWa9xRhvJ2wI",
    "created_at": "2026-03-19T14:07:59.071Z",
    "expires_at": "2026-03-20T14:07:59Z"
  }
},
{
  "model": "token_blacklist.outstandingtoken",
  "pk": 1127,
  "fields": {
    "user": 10024,
    "jti": "30eddb3641d84538b68e822d0186b791",
    "token": "eyJhbGciOiJIUzI1NiIsInR5cCI6IkpXVCJ9.eyJ0b2tlbl90eXBlIjoicmVmcmVzaCIsImV4cCI6MTc3NDAxNjA5OSwiaWF0IjoxNzczOTI5Njk5LCJqdGkiOiIzMGVkZGIzNjQxZDg0NTM4YjY4ZTgyMmQwMTg2Yjc5MSIsInVzZXJfaWQiOjEwMDI0fQ.7CfQ7tsOmNKXgVT9pVE2Rl8ME71TZhPXGTNSEJOi9bc",
    "created_at": "2026-03-19T14:14:59.101Z",
    "expires_at": "2026-03-20T14:14:59Z"
  }
},
{
  "model": "token_blacklist.outstandingtoken",
  "pk": 1128,
  "fields": {
    "user": 10024,
    "jti": "02e63e12972b4aeb8b4256eeca9c1516",
    "token": "eyJhbGciOiJIUzI1NiIsInR5cCI6IkpXVCJ9.eyJ0b2tlbl90eXBlIjoicmVmcmVzaCIsImV4cCI6MTc3NDAxNjU1NywiaWF0IjoxNzczOTMwMTU3LCJqdGkiOiIwMmU2M2UxMjk3MmI0YWViOGI0MjU2ZWVjYTljMTUxNiIsInVzZXJfaWQiOjEwMDI0fQ.UXs1f6Nj8Z2eNlHfyGixHjMA1tV-QIYcCvjlGhPAIYs",
    "created_at": "2026-03-19T14:22:37.097Z",
    "expires_at": "2026-03-20T14:22:37Z"
  }
},
{
  "model": "token_blacklist.outstandingtoken",
  "pk": 1129,
  "fields": {
    "user": 10020,
    "jti": "75344dd3585143ad901e6a318182cb34",
    "token": "eyJhbGciOiJIUzI1NiIsInR5cCI6IkpXVCJ9.eyJ0b2tlbl90eXBlIjoicmVmcmVzaCIsImV4cCI6MTc3NDAxNjg4NiwiaWF0IjoxNzczOTMwNDg2LCJqdGkiOiI3NTM0NGRkMzU4NTE0M2FkOTAxZTZhMzE4MTgyY2IzNCIsInVzZXJfaWQiOjEwMDIwfQ.6ItKVBoWXMUO149lgBuzdlnBcbNf7DWCqveapIv2GEk",
    "created_at": "2026-03-19T14:28:06.181Z",
    "expires_at": "2026-03-20T14:28:06Z"
  }
},
{
  "model": "token_blacklist.outstandingtoken",
  "pk": 1130,
  "fields": {
    "user": 10024,
    "jti": "0519cc75529c45e992270e199987df75",
    "token": "eyJhbGciOiJIUzI1NiIsInR5cCI6IkpXVCJ9.eyJ0b2tlbl90eXBlIjoicmVmcmVzaCIsImV4cCI6MTc3NDAxNzI0OSwiaWF0IjoxNzczOTMwODQ5LCJqdGkiOiIwNTE5Y2M3NTUyOWM0NWU5OTIyNzBlMTk5OTg3ZGY3NSIsInVzZXJfaWQiOjEwMDI0fQ.lA3LNmSFC5QWFW8DjwBi_GA-XgsoROkNEJ2izBuQAkA",
    "created_at": "2026-03-19T14:34:09.000Z",
    "expires_at": "2026-03-20T14:34:09Z"
  }
},
{
  "model": "token_blacklist.outstandingtoken",
  "pk": 1131,
  "fields": {
    "user": 10024,
    "jti": "23d213c5b6d04ab89c75899a209c0050",
    "token": "eyJhbGciOiJIUzI1NiIsInR5cCI6IkpXVCJ9.eyJ0b2tlbl90eXBlIjoicmVmcmVzaCIsImV4cCI6MTc3NDAxNzUzNywiaWF0IjoxNzczOTMxMTM3LCJqdGkiOiIyM2QyMTNjNWI2ZDA0YWI4OWM3NTg5OWEyMDljMDA1MCIsInVzZXJfaWQiOjEwMDI0fQ.B6Bm6kx4EwN91VBlpvlllWqYs5l5iPpJrJqm47vSuhE",
    "created_at": "2026-03-19T14:38:57.047Z",
    "expires_at": "2026-03-20T14:38:57Z"
  }
},
{
  "model": "token_blacklist.outstandingtoken",
  "pk": 1132,
  "fields": {
    "user": 10024,
    "jti": "b99c15ba47b8426c86c557aea1d8e92f",
    "token": "eyJhbGciOiJIUzI1NiIsInR5cCI6IkpXVCJ9.eyJ0b2tlbl90eXBlIjoicmVmcmVzaCIsImV4cCI6MTc3NDAxNzgzNSwiaWF0IjoxNzczOTMxNDM1LCJqdGkiOiJiOTljMTViYTQ3Yjg0MjZjODZjNTU3YWVhMWQ4ZTkyZiIsInVzZXJfaWQiOjEwMDI0fQ.j1lv6-mWVR0fWIaXNlQeBFwb-8QhThrgt46T_o1MpkY",
    "created_at": "2026-03-19T14:43:55.111Z",
    "expires_at": "2026-03-20T14:43:55Z"
  }
},
{
  "model": "token_blacklist.outstandingtoken",
  "pk": 1133,
  "fields": {
    "user": 10024,
    "jti": "201dce89df50422f826ef59cbada6408",
    "token": "eyJhbGciOiJIUzI1NiIsInR5cCI6IkpXVCJ9.eyJ0b2tlbl90eXBlIjoicmVmcmVzaCIsImV4cCI6MTc3NDAxNzk1OSwiaWF0IjoxNzczOTMxNTU5LCJqdGkiOiIyMDFkY2U4OWRmNTA0MjJmODI2ZWY1OWNiYWRhNjQwOCIsInVzZXJfaWQiOjEwMDI0fQ.cxf8ygMHWZVlDqa85Fn9EMJ6FsHazxBC5uxyTI2NH3I",
    "created_at": "2026-03-19T14:45:59.840Z",
    "expires_at": "2026-03-20T14:45:59Z"
  }
},
{
  "model": "token_blacklist.outstandingtoken",
  "pk": 1134,
  "fields": {
    "user": 10024,
    "jti": "f5a2493307ad471ebd7116075063682e",
    "token": "eyJhbGciOiJIUzI1NiIsInR5cCI6IkpXVCJ9.eyJ0b2tlbl90eXBlIjoicmVmcmVzaCIsImV4cCI6MTc3NDAxODc4NiwiaWF0IjoxNzczOTMyMzg2LCJqdGkiOiJmNWEyNDkzMzA3YWQ0NzFlYmQ3MTE2MDc1MDYzNjgyZSIsInVzZXJfaWQiOjEwMDI0fQ.ISqqFoXbRkROy7na6apshRFdQ5Oo8XPG7scaQdL5JKY",
    "created_at": "2026-03-19T14:59:46.934Z",
    "expires_at": "2026-03-20T14:59:46Z"
  }
},
{
  "model": "token_blacklist.outstandingtoken",
  "pk": 1135,
  "fields": {
    "user": 10024,
    "jti": "eda626ba840a4e4891d6c63d0124e3bd",
    "token": "eyJhbGciOiJIUzI1NiIsInR5cCI6IkpXVCJ9.eyJ0b2tlbl90eXBlIjoicmVmcmVzaCIsImV4cCI6MTc3NDAxODg1MCwiaWF0IjoxNzczOTMyNDUwLCJqdGkiOiJlZGE2MjZiYTg0MGE0ZTQ4OTFkNmM2M2QwMTI0ZTNiZCIsInVzZXJfaWQiOjEwMDI0fQ.zBa_g-bI2d3UKLSlUuIaxhBNkm62cGpexbfWaj9Um9E",
    "created_at": "2026-03-19T15:00:50.578Z",
    "expires_at": "2026-03-20T15:00:50Z"
  }
},
{
  "model": "token_blacklist.outstandingtoken",
  "pk": 1136,
  "fields": {
    "user": 10024,
    "jti": "3de9f1d54043450ab7cb403dd9f8f879",
    "token": "eyJhbGciOiJIUzI1NiIsInR5cCI6IkpXVCJ9.eyJ0b2tlbl90eXBlIjoicmVmcmVzaCIsImV4cCI6MTc3NDAxOTA5OCwiaWF0IjoxNzczOTMyNjk4LCJqdGkiOiIzZGU5ZjFkNTQwNDM0NTBhYjdjYjQwM2RkOWY4Zjg3OSIsInVzZXJfaWQiOjEwMDI0fQ.59Yahu-BwMoBZ2EqCMqsBRabUlKVO6JyTfpUoXfvMMs",
    "created_at": "2026-03-19T15:04:58.286Z",
    "expires_at": "2026-03-20T15:04:58Z"
  }
},
{
  "model": "token_blacklist.outstandingtoken",
  "pk": 1137,
  "fields": {
    "user": 10024,
    "jti": "c3a68844c248459a8760cd68f2d7e973",
    "token": "eyJhbGciOiJIUzI1NiIsInR5cCI6IkpXVCJ9.eyJ0b2tlbl90eXBlIjoicmVmcmVzaCIsImV4cCI6MTc3NDAxOTM2OSwiaWF0IjoxNzczOTMyOTY5LCJqdGkiOiJjM2E2ODg0NGMyNDg0NTlhODc2MGNkNjhmMmQ3ZTk3MyIsInVzZXJfaWQiOjEwMDI0fQ.TBzt1cYY73qZxE583ucEUzmFOE2HNtzHawk6NBzk9iA",
    "created_at": "2026-03-19T15:09:29.899Z",
    "expires_at": "2026-03-20T15:09:29Z"
  }
},
{
  "model": "token_blacklist.outstandingtoken",
  "pk": 1138,
  "fields": {
    "user": 10024,
    "jti": "19ee1696a71042cfa59a8a49871c6ce1",
    "token": "eyJhbGciOiJIUzI1NiIsInR5cCI6IkpXVCJ9.eyJ0b2tlbl90eXBlIjoicmVmcmVzaCIsImV4cCI6MTc3NDAyMzAwNywiaWF0IjoxNzczOTM2NjA3LCJqdGkiOiIxOWVlMTY5NmE3MTA0MmNmYTU5YThhNDk4NzFjNmNlMSIsInVzZXJfaWQiOjEwMDI0fQ.RXQYsiUwLHpTyi9FFDeebtCzKaACakgvK0QLRwJrk_I",
    "created_at": "2026-03-19T16:10:07.070Z",
    "expires_at": "2026-03-20T16:10:07Z"
  }
},
{
  "model": "token_blacklist.outstandingtoken",
  "pk": 1139,
  "fields": {
    "user": 10024,
    "jti": "34001293b72e4869a0c48ca110b8285a",
    "token": "eyJhbGciOiJIUzI1NiIsInR5cCI6IkpXVCJ9.eyJ0b2tlbl90eXBlIjoicmVmcmVzaCIsImV4cCI6MTc3NDAyMzA0NSwiaWF0IjoxNzczOTM2NjQ1LCJqdGkiOiIzNDAwMTI5M2I3MmU0ODY5YTBjNDhjYTExMGI4Mjg1YSIsInVzZXJfaWQiOjEwMDI0fQ.2u9LEPhWmSjrvZyKw84_kqW9AQvKe4pxbs-XcnwsH4o",
    "created_at": "2026-03-19T16:10:45.220Z",
    "expires_at": "2026-03-20T16:10:45Z"
  }
},
{
  "model": "token_blacklist.blacklistedtoken",
  "pk": 1,
  "fields": {
    "token": 1049,
    "blacklisted_at": "2026-01-15T12:48:42.029Z"
  }
},
{
  "model": "token_blacklist.blacklistedtoken",
  "pk": 5,
  "fields": {
    "token": 1060,
    "blacklisted_at": "2026-01-16T15:41:58.716Z"
  }
},
{
  "model": "token_blacklist.blacklistedtoken",
  "pk": 7,
  "fields": {
    "token": 1063,
    "blacklisted_at": "2026-01-16T17:59:07.963Z"
  }
},
{
  "model": "token_blacklist.blacklistedtoken",
  "pk": 9,
  "fields": {
    "token": 1064,
    "blacklisted_at": "2026-01-17T06:44:57.977Z"
  }
},
{
  "model": "token_blacklist.blacklistedtoken",
  "pk": 13,
  "fields": {
    "token": 1068,
    "blacklisted_at": "2026-01-21T13:18:13.132Z"
  }
},
{
  "model": "token_blacklist.blacklistedtoken",
  "pk": 14,
  "fields": {
    "token": 1069,
    "blacklisted_at": "2026-01-21T13:44:16.375Z"
  }
},
{
  "model": "token_blacklist.blacklistedtoken",
  "pk": 16,
  "fields": {
    "token": 1074,
    "blacklisted_at": "2026-01-27T16:11:50.418Z"
  }
},
{
  "model": "token_blacklist.blacklistedtoken",
  "pk": 17,
  "fields": {
    "token": 1093,
    "blacklisted_at": "2026-03-07T20:38:47.761Z"
  }
},
{
  "model": "token_blacklist.blacklistedtoken",
  "pk": 18,
  "fields": {
    "token": 1097,
    "blacklisted_at": "2026-03-08T22:20:02.788Z"
  }
},
{
  "model": "token_blacklist.blacklistedtoken",
  "pk": 20,
  "fields": {
    "token": 1098,
    "blacklisted_at": "2026-03-08T23:28:14.778Z"
  }
},
{
  "model": "token_blacklist.blacklistedtoken",
  "pk": 21,
  "fields": {
    "token": 1102,
    "blacklisted_at": "2026-03-09T00:07:29.655Z"
  }
},
{
  "model": "token_blacklist.blacklistedtoken",
  "pk": 22,
  "fields": {
    "token": 1106,
    "blacklisted_at": "2026-03-09T11:57:46.847Z"
  }
},
{
  "model": "token_blacklist.blacklistedtoken",
  "pk": 26,
  "fields": {
    "token": 1104,
    "blacklisted_at": "2026-03-09T13:24:00.482Z"
  }
},
{
  "model": "token_blacklist.blacklistedtoken",
  "pk": 29,
  "fields": {
    "token": 1124,
    "blacklisted_at": "2026-03-19T15:02:05.952Z"
  }
},
{
  "model": "products.district",
  "pk": 1,
  "fields": {
    "name": "Güzelyurt",
    "center_lat": "35.2042000",
    "center_lng": "33.0144000",
    "created_at": "2026-01-07T13:59:19.163Z"
  }
},
{
  "model": "products.district",
  "pk": 2,
  "fields": {
    "name": "Lefkoşa",
    "center_lat": "35.1856000",
    "center_lng": "33.3823000",
    "created_at": "2026-01-07T13:59:19.206Z"
  }
},
{
  "model": "products.district",
  "pk": 3,
  "fields": {
    "name": "Girne",
    "center_lat": "35.3387000",
    "center_lng": "33.3176000",
    "created_at": "2026-01-07T13:59:19.235Z"
  }
},
{
  "model": "products.district",
  "pk": 4,
  "fields": {
    "name": "Gazimağusa",
    "center_lat": "35.1264000",
    "center_lng": "33.9384000",
    "created_at": "2026-01-07T13:59:19.265Z"
  }
},
{
  "model": "products.district",
  "pk": 5,
  "fields": {
    "name": "İskele",
    "center_lat": "35.2886000",
    "center_lng": "33.9082000",
    "created_at": "2026-01-07T13:59:19.285Z"
  }
},
{
  "model": "products.district",
  "pk": 6,
  "fields": {
    "name": "Lefke",
    "center_lat": "35.1085000",
    "center_lng": "32.8516000",
    "created_at": "2026-01-07T13:59:19.306Z"
  }
},
{
  "model": "products.area",
  "pk": 1,
  "fields": {
    "district": 1,
    "name": "Kalkanlı",
    "created_at": "2026-01-07T13:59:19.172Z"
  }
},
{
  "model": "products.area",
  "pk": 2,
  "fields": {
    "district": 1,
    "name": "Gaziveren",
    "created_at": "2026-01-07T13:59:19.187Z"
  }
},
{
  "model": "products.area",
  "pk": 3,
  "fields": {
    "district": 1,
    "name": "Akdeniz",
    "created_at": "2026-01-07T13:59:19.194Z"
  }
},
{
  "model": "products.area",
  "pk": 4,
  "fields": {
    "district": 1,
    "name": "Yedidalga",
    "created_at": "2026-01-07T13:59:19.200Z"
  }
},
{
  "model": "products.area",
  "pk": 5,
  "fields": {
    "district": 2,
    "name": "Gönyeli",
    "created_at": "2026-01-07T13:59:19.211Z"
  }
},
{
  "model": "products.area",
  "pk": 6,
  "fields": {
    "district": 2,
    "name": "Hamitköy",
    "created_at": "2026-01-07T13:59:19.218Z"
  }
},
{
  "model": "products.area",
  "pk": 7,
  "fields": {
    "district": 2,
    "name": "Ortaköy",
    "created_at": "2026-01-07T13:59:19.222Z"
  }
},
{
  "model": "products.area",
  "pk": 8,
  "fields": {
    "district": 2,
    "name": "Değirmenlik",
    "created_at": "2026-01-07T13:59:19.227Z"
  }
},
{
  "model": "products.area",
  "pk": 9,
  "fields": {
    "district": 3,
    "name": "Alsancak",
    "created_at": "2026-01-07T13:59:19.240Z"
  }
},
{
  "model": "products.area",
  "pk": 10,
  "fields": {
    "district": 3,
    "name": "Lapta",
    "created_at": "2026-01-07T13:59:19.245Z"
  }
},
{
  "model": "products.area",
  "pk": 11,
  "fields": {
    "district": 3,
    "name": "Karaoğlanoğlu",
    "created_at": "2026-01-07T13:59:19.253Z"
  }
},
{
  "model": "products.area",
  "pk": 12,
  "fields": {
    "district": 3,
    "name": "Esentepe",
    "created_at": "2026-01-07T13:59:19.260Z"
  }
},
{
  "model": "products.area",
  "pk": 13,
  "fields": {
    "district": 4,
    "name": "Tuzla",
    "created_at": "2026-01-07T13:59:19.270Z"
  }
},
{
  "model": "products.area",
  "pk": 14,
  "fields": {
    "district": 4,
    "name": "Salamis",
    "created_at": "2026-01-07T13:59:19.275Z"
  }
},
{
  "model": "products.area",
  "pk": 15,
  "fields": {
    "district": 4,
    "name": "Yeni Boğaziçi",
    "created_at": "2026-01-07T13:59:19.279Z"
  }
},
{
  "model": "products.area",
  "pk": 16,
  "fields": {
    "district": 5,
    "name": "Long Beach",
    "created_at": "2026-01-07T13:59:19.293Z"
  }
},
{
  "model": "products.area",
  "pk": 17,
  "fields": {
    "district": 5,
    "name": "Bafra",
    "created_at": "2026-01-07T13:59:19.300Z"
  }
},
{
  "model": "products.area",
  "pk": 18,
  "fields": {
    "district": 5,
    "name": "Mehmetçik",
    "created_at": "2026-01-07T13:59:19.303Z"
  }
},
{
  "model": "products.area",
  "pk": 19,
  "fields": {
    "district": 6,
    "name": "Gemikonağı",
    "created_at": "2026-01-07T13:59:19.310Z"
  }
},
{
  "model": "products.area",
  "pk": 20,
  "fields": {
    "district": 6,
    "name": "Yeşilyurt",
    "created_at": "2026-01-07T13:59:19.314Z"
  }
},
{
  "model": "products.area",
  "pk": 21,
  "fields": {
    "district": 1,
    "name": "Bostancı",
    "created_at": "2026-01-08T20:36:02.273Z"
  }
},
{
  "model": "products.area",
  "pk": 22,
  "fields": {
    "district": 1,
    "name": "Yayla",
    "created_at": "2026-01-08T20:36:02.284Z"
  }
},
{
  "model": "products.area",
  "pk": 23,
  "fields": {
    "district": 2,
    "name": "Haspolat",
    "created_at": "2026-01-08T20:36:02.302Z"
  }
},
{
  "model": "products.area",
  "pk": 24,
  "fields": {
    "district": 2,
    "name": "Geçitkale",
    "created_at": "2026-01-08T20:36:02.305Z"
  }
},
{
  "model": "products.area",
  "pk": 25,
  "fields": {
    "district": 3,
    "name": "Çatalköy",
    "created_at": "2026-01-08T20:36:02.322Z"
  }
},
{
  "model": "products.area",
  "pk": 26,
  "fields": {
    "district": 3,
    "name": "Bellapais",
    "created_at": "2026-01-08T20:36:02.326Z"
  }
},
{
  "model": "products.area",
  "pk": 27,
  "fields": {
    "district": 4,
    "name": "Boğaz",
    "created_at": "2026-01-08T20:36:02.339Z"
  }
},
{
  "model": "products.area",
  "pk": 28,
  "fields": {
    "district": 4,
    "name": "Kumyalı",
    "created_at": "2026-01-08T20:36:02.342Z"
  }
},
{
  "model": "products.area",
  "pk": 29,
  "fields": {
    "district": 5,
    "name": "Yeniceköy",
    "created_at": "2026-01-08T20:36:02.358Z"
  }
},
{
  "model": "products.area",
  "pk": 30,
  "fields": {
    "district": 5,
    "name": "Büyükkonuk",
    "created_at": "2026-01-08T20:36:02.360Z"
  }
},
{
  "model": "products.area",
  "pk": 31,
  "fields": {
    "district": 6,
    "name": "Aplıç",
    "created_at": "2026-01-08T20:36:02.370Z"
  }
},
{
  "model": "products.area",
  "pk": 32,
  "fields": {
    "district": 6,
    "name": "Dörtyol",
    "created_at": "2026-01-08T20:36:02.374Z"
  }
},
{
  "model": "products.customuser",
  "pk": 10002,
  "fields": {
    "password": "pbkdf2_sha256$600000$Jbi82s0ynZh82ib6omJsEO$gEijSmozgfxrOozNQWudYp5qrcRoVTAq/0ZHGVjU7X0=",
    "last_login": "2026-03-19T14:06:55.512Z",
    "is_superuser": true,
    "username": "admin",
    "first_name": "",
    "last_name": "",
    "email": "admin@bekosirs.com",
    "is_staff": true,
    "is_active": true,
    "date_joined": "2026-01-06T15:06:51.406Z",
    "role": "admin",
    "phone_number": null,
    "biometric_enabled": false,
    "biometric_device_id": null,
    "groups": [],
    "user_permissions": []
  }
},
{
  "model": "products.customuser",
  "pk": 10003,
  "fields": {
    "password": "pbkdf2_sha256$600000$4B4xsKOxgUHIAwPzl2dVvh$mk8GRkd6oBLCFWMAkeKgkrS8g+PMAbgE62pFjPpcqqE=",
    "last_login": null,
    "is_superuser": false,
    "username": "test",
    "first_name": "Ahu",
    "last_name": "Yıldız",
    "email": "test@gmail.com",
    "is_staff": false,
    "is_active": true,
    "date_joined": "2026-01-06T15:25:23.788Z",
    "role": "customer",
    "phone_number": "564356487",
    "biometric_enabled": false,
    "biometric_device_id": null,
    "groups": [],
    "user_permissions": []
  }
},
{
  "model": "products.customuser",
  "pk": 10004,
  "fields": {
    "password": "pbkdf2_sha256$600000$4LR4eM28e4ejqZOOyrIUy3$Zw5Ws4JoOLtlR35CMuUKgPHFvXC3ahcwH56GjCn+xng=",
    "last_login": null,
    "is_superuser": false,
    "username": "musteri",
    "first_name": "Mustafa",
    "last_name": "KARLI",
    "email": "musteri@beko.com",
    "is_staff": false,
    "is_active": true,
    "date_joined": "2026-01-06T15:31:23.312Z",
    "role": "customer",
    "phone_number": "50561651256",
    "biometric_enabled": false,
    "biometric_device_id": null,
    "groups": [],
    "user_permissions": []
  }
},
{
  "model": "products.customuser",
  "pk": 10007,
  "fields": {
    "password": "pbkdf2_sha256$600000$CKLVRuxu4AaPG6uTAgH51V$unD50ulqTmYN7clBCdF2ZeC8jHEO8WEcVE794k+mr08=",
    "last_login": null,
    "is_superuser": false,
    "username": "mobileuser",
    "first_name": "Berk",
    "last_name": "Çalhar",
    "email": "mobile@example.com",
    "is_staff": false,
    "is_active": true,
    "date_joined": "2026-01-07T09:44:12.073Z",
    "role": "customer",
    "phone_number": "5225841651",
    "biometric_enabled": false,
    "biometric_device_id": null,
    "groups": [],
    "user_permissions": []
  }
},
{
  "model": "products.customuser",
  "pk": 10008,
  "fields": {
    "password": "pbkdf2_sha256$600000$vJBH0hffdMN73DsyGWBPkT$mDMKoZlRK7uOHapq3YtemCn9rHltX5KepXdxuT0+0yI=",
    "last_login": null,
    "is_superuser": false,
    "username": "salesperson",
    "first_name": "",
    "last_name": "",
    "email": "sales@example.com",
    "is_staff": false,
    "is_active": true,
    "date_joined": "2026-01-07T09:47:17.790Z",
    "role": "seller",
    "phone_number": null,
    "biometric_enabled": false,
    "biometric_device_id": null,
    "groups": [],
    "user_permissions": []
  }
},
{
  "model": "products.customuser",
  "pk": 10009,
  "fields": {
    "password": "pbkdf2_sha256$600000$HJyJRsmZKIE2y0v5PDDdBQ$GGF/iT4Dl70P+KbyuwPoBnlkT+8RarquHm2GfzB8pSI=",
    "last_login": null,
    "is_superuser": false,
    "username": "test2",
    "first_name": "Yılmaz",
    "last_name": "Ergün",
    "email": "test2@hotmail.com",
    "is_staff": false,
    "is_active": true,
    "date_joined": "2026-01-09T00:32:47.520Z",
    "role": "customer",
    "phone_number": "555152846512",
    "biometric_enabled": false,
    "biometric_device_id": null,
    "groups": [],
    "user_permissions": []
  }
},
{
  "model": "products.customuser",
  "pk": 10010,
  "fields": {
    "password": "pbkdf2_sha256$600000$W1qXcYD4Dfwlh96i14QsV8$T0n5Hc4e6wtbkQoKOeUXN3Z/pl+uZFTP7hF9oXtgoIA=",
    "last_login": null,
    "is_superuser": false,
    "username": "ahmet_yilmaz",
    "first_name": "Ahmet",
    "last_name": "abo",
    "email": "ahmet@test.com",
    "is_staff": false,
    "is_active": true,
    "date_joined": "2026-01-16T15:31:50.329Z",
    "role": "customer",
    "phone_number": null,
    "biometric_enabled": false,
    "biometric_device_id": null,
    "groups": [],
    "user_permissions": []
  }
},
{
  "model": "products.customuser",
  "pk": 10011,
  "fields": {
    "password": "pbkdf2_sha256$600000$PVQO8esLzPkAGbne4c4Rh8$u3aKIuQKCmzJr7827EvRFxbAWBfc14RJIFzMetvb9ps=",
    "last_login": null,
    "is_superuser": false,
    "username": "mehmet_demir",
    "first_name": "Mehmet",
    "last_name": "Demir",
    "email": "mehmet@test.com",
    "is_staff": false,
    "is_active": true,
    "date_joined": "2026-01-16T15:31:50.963Z",
    "role": "customer",
    "phone_number": null,
    "biometric_enabled": false,
    "biometric_device_id": null,
    "groups": [],
    "user_permissions": []
  }
},
{
  "model": "products.customuser",
  "pk": 10012,
  "fields": {
    "password": "pbkdf2_sha256$600000$miVAeGq0p4MuwKbJNxkdxy$1pdE0uF92trFcJM+U/Y73WTqKI5ARejhvqF7OxgMqkk=",
    "last_login": null,
    "is_superuser": false,
    "username": "ayse_kaya",
    "first_name": "Ayşe",
    "last_name": "Kaya",
    "email": "ayse@test.com",
    "is_staff": false,
    "is_active": true,
    "date_joined": "2026-01-16T15:31:51.521Z",
    "role": "customer",
    "phone_number": null,
    "biometric_enabled": false,
    "biometric_device_id": null,
    "groups": [],
    "user_permissions": []
  }
},
{
  "model": "products.customuser",
  "pk": 10013,
  "fields": {
    "password": "pbkdf2_sha256$600000$vbj9RO2wfzwdAb5IyjlfFe$1D/wqZsbRkZpiSDwjJGxIe16gOr+ZFdLY4oEwCIhFdg=",
    "last_login": null,
    "is_superuser": false,
    "username": "fatma_celik",
    "first_name": "Fatma",
    "last_name": "Çelik",
    "email": "fatma@test.com",
    "is_staff": false,
    "is_active": true,
    "date_joined": "2026-01-16T15:31:52.146Z",
    "role": "customer",
    "phone_number": null,
    "biometric_enabled": false,
    "biometric_device_id": null,
    "groups": [],
    "user_permissions": []
  }
},
{
  "model": "products.customuser",
  "pk": 10014,
  "fields": {
    "password": "pbkdf2_sha256$600000$bYpRsG1Tby4c47KGClTQUu$oVPqwqx3Fc0PPkZGsxKfZfjAnx1o4w6yLRZ5naaKYyM=",
    "last_login": null,
    "is_superuser": false,
    "username": "ali_ozturk",
    "first_name": "Ali",
    "last_name": "Öztürk",
    "email": "ali@test.com",
    "is_staff": false,
    "is_active": true,
    "date_joined": "2026-01-16T15:31:52.782Z",
    "role": "customer",
    "phone_number": null,
    "biometric_enabled": false,
    "biometric_device_id": null,
    "groups": [],
    "user_permissions": []
  }
},
{
  "model": "products.customuser",
  "pk": 10015,
  "fields": {
    "password": "pbkdf2_sha256$600000$ceWjNSezPqMbLQMSx2Y5r6$fgxMxNL5HrHdsofVqgkXMRllij9R6+g1WNoWUcEwNrk=",
    "last_login": null,
    "is_superuser": false,
    "username": "zeynep_arslan",
    "first_name": "Zeynep",
    "last_name": "Arslan",
    "email": "zeynep@test.com",
    "is_staff": false,
    "is_active": true,
    "date_joined": "2026-01-16T15:31:53.359Z",
    "role": "customer",
    "phone_number": null,
    "biometric_enabled": false,
    "biometric_device_id": null,
    "groups": [],
    "user_permissions": []
  }
},
{
  "model": "products.customuser",
  "pk": 10016,
  "fields": {
    "password": "pbkdf2_sha256$600000$xdbWMi2chGTbtUTt9XAO6t$BPphWb8WJSVK/IfBrptn3+BTeSaVXRs/2L0EZxv6CCc=",
    "last_login": null,
    "is_superuser": false,
    "username": "mustafa_korkmaz",
    "first_name": "Mustafa",
    "last_name": "Korkmaz",
    "email": "mustafa@test.com",
    "is_staff": false,
    "is_active": true,
    "date_joined": "2026-01-16T15:31:53.969Z",
    "role": "customer",
    "phone_number": null,
    "biometric_enabled": false,
    "biometric_device_id": null,
    "groups": [],
    "user_permissions": []
  }
},
{
  "model": "products.customuser",
  "pk": 10017,
  "fields": {
    "password": "pbkdf2_sha256$600000$vlEcLk5OisMXlZUOXbTRCm$FY73/nC6r6aB4+tcK8AzilVh86suSIw056wqWY3f7SM=",
    "last_login": null,
    "is_superuser": false,
    "username": "elif_sahin",
    "first_name": "Elif",
    "last_name": "Şahin",
    "email": "elif@test.com",
    "is_staff": false,
    "is_active": true,
    "date_joined": "2026-01-16T15:31:54.698Z",
    "role": "customer",
    "phone_number": null,
    "biometric_enabled": false,
    "biometric_device_id": null,
    "groups": [],
    "user_permissions": []
  }
},
{
  "model": "products.customuser",
  "pk": 10018,
  "fields": {
    "password": "pbkdf2_sha256$600000$9mBzGIvEkhlZTFGZGVGVxw$pp7Nn7gsNaMdL+h4kqeu46SRKsKI/yytqme7R00fFgg=",
    "last_login": null,
    "is_superuser": false,
    "username": "huseyin_yavuz",
    "first_name": "Hüseyin",
    "last_name": "Yavuz",
    "email": "huseyin@test.com",
    "is_staff": false,
    "is_active": true,
    "date_joined": "2026-01-16T15:31:55.529Z",
    "role": "customer",
    "phone_number": null,
    "biometric_enabled": false,
    "biometric_device_id": null,
    "groups": [],
    "user_permissions": []
  }
},
{
  "model": "products.customuser",
  "pk": 10019,
  "fields": {
    "password": "pbkdf2_sha256$600000$mPUYnSsebjkXLANGlnzfHc$8YJrk9zmJH6Id7xEFacLdi0dYi1GUmbS0fRGravt7bw=",
    "last_login": null,
    "is_superuser": false,
    "username": "merve_aydın",
    "first_name": "Merve",
    "last_name": "Aydın",
    "email": "merve@test.com",
    "is_staff": false,
    "is_active": true,
    "date_joined": "2026-01-16T15:31:56.399Z",
    "role": "customer",
    "phone_number": null,
    "biometric_enabled": false,
    "biometric_device_id": null,
    "groups": [],
    "user_permissions": []
  }
},
{
  "model": "products.customuser",
  "pk": 10020,
  "fields": {
    "password": "pbkdf2_sha256$600000$9IEJR8NuycIHFT5PlZQ0nw$amER6Rx3GSh9ItTNuBX96rPhwAwLlxo3zZhUvcNquBU=",
    "last_login": "2026-03-19T14:19:20.234Z",
    "is_superuser": false,
    "username": "delivery_test",
    "first_name": "Ali",
    "last_name": "Yılmaz",
    "email": "delivery@test.com",
    "is_staff": false,
    "is_active": true,
    "date_joined": "2026-01-27T14:40:54.196Z",
    "role": "delivery",
    "phone_number": null,
    "biometric_enabled": false,
    "biometric_device_id": null,
    "groups": [],
    "user_permissions": []
  }
},
{
  "model": "products.customuser",
  "pk": 10023,
  "fields": {
    "password": "pbkdf2_sha256$600000$ikVAggs5w9tPtaJns24w5Y$rqBb1Xng07IVCs8rjZ19q2P1BSB0TzSVnd8ax6bm6kY=",
    "last_login": null,
    "is_superuser": false,
    "username": "testt",
    "first_name": "Uraz",
    "last_name": "Yas",
    "email": "jdmdm@hotmail.com",
    "is_staff": false,
    "is_active": true,
    "date_joined": "2026-03-09T11:41:07.176Z",
    "role": "delivery",
    "phone_number": null,
    "biometric_enabled": true,
    "biometric_device_id": "android_1773053854706_eid3qcabk",
    "groups": [],
    "user_permissions": []
  }
},
{
  "model": "products.customuser",
  "pk": 10024,
  "fields": {
    "password": "pbkdf2_sha256$600000$kTHNwxSKXNhe4UIkx259hT$IA9KGdbfTWW7ltkhmquRVZ7vqYsPAjVMp8YQLkg6Xkc=",
    "last_login": null,
    "is_superuser": false,
    "username": "delivery",
    "first_name": "",
    "last_name": "",
    "email": "delivery@hotmail.com",
    "is_staff": false,
    "is_active": true,
    "date_joined": "2026-03-19T14:07:41.488Z",
    "role": "delivery",
    "phone_number": null,
    "biometric_enabled": false,
    "biometric_device_id": null,
    "groups": [],
    "user_permissions": []
  }
},
{
  "model": "products.category",
  "pk": 1,
  "fields": {
    "name": "Tek ve Çift Kapılı Statik Buzdolapları",
    "parent": null
  }
},
{
  "model": "products.category",
  "pk": 2,
  "fields": {
    "name": "Neo Frost Buzdolapları",
    "parent": null
  }
},
{
  "model": "products.category",
  "pk": 3,
  "fields": {
    "name": "Su Sebili",
    "parent": null
  }
},
{
  "model": "products.category",
  "pk": 4,
  "fields": {
    "name": "Dikey Derin Dondurucular",
    "parent": null
  }
},
{
  "model": "products.category",
  "pk": 5,
  "fields": {
    "name": "Statik Yatay Derin Dondurucular",
    "parent": null
  }
},
{
  "model": "products.category",
  "pk": 6,
  "fields": {
    "name": "Çamaşır Makineleri",
    "parent": null
  }
},
{
  "model": "products.category",
  "pk": 7,
  "fields": {
    "name": "Kurutma Ve Yıkama Kurutma Makineleri",
    "parent": null
  }
},
{
  "model": "products.category",
  "pk": 8,
  "fields": {
    "name": "Bulaşık Makineleri",
    "parent": null
  }
},
{
  "model": "products.category",
  "pk": 9,
  "fields": {
    "name": "Ankastre Bulaşık Makineleri",
    "parent": null
  }
},
{
  "model": "products.category",
  "pk": 10,
  "fields": {
    "name": "Ankastre Ocaklar",
    "parent": null
  }
},
{
  "model": "products.category",
  "pk": 11,
  "fields": {
    "name": "Tezgah Üzeri Solo Mikrodalgalar",
    "parent": null
  }
},
{
  "model": "products.category",
  "pk": 12,
  "fields": {
    "name": "Ankastre Mikrodalgalar",
    "parent": null
  }
},
{
  "model": "products.category",
  "pk": 13,
  "fields": {
    "name": "Solo Fırınlar",
    "parent": null
  }
},
{
  "model": "products.category",
  "pk": 14,
  "fields": {
    "name": "Ankastre Fırınlar",
    "parent": null
  }
},
{
  "model": "products.category",
  "pk": 15,
  "fields": {
    "name": "Sürgülü + Gömme Aspiratörler",
    "parent": null
  }
},
{
  "model": "products.category",
  "pk": 16,
  "fields": {
    "name": "Davlumbazlar",
    "parent": null
  }
},
{
  "model": "products.category",
  "pk": 17,
  "fields": {
    "name": "Gıda Hazırlama",
    "parent": null
  }
},
{
  "model": "products.category",
  "pk": 18,
  "fields": {
    "name": "Pişiriciler - Isıtıcılar - İçecek Hazırlama",
    "parent": null
  }
},
{
  "model": "products.category",
  "pk": 19,
  "fields": {
    "name": "Süpürgeler + Pratik El Süpürgeleri",
    "parent": null
  }
},
{
  "model": "products.category",
  "pk": 20,
  "fields": {
    "name": "Mono Split Duvar Tipi Klimalar",
    "parent": null
  }
},
{
  "model": "products.category",
  "pk": 21,
  "fields": {
    "name": "ANDROID ÖZELLİKLİ HD / FHD TV'LER",
    "parent": null
  }
},
{
  "model": "products.category",
  "pk": 22,
  "fields": {
    "name": "4K , NETFLIX ÖZELLİKLİ ANDROID UHD TV'LER",
    "parent": null
  }
},
{
  "model": "products.category",
  "pk": 23,
  "fields": {
    "name": "4K , NETFLIX ÖZELLİKLİ ANDROID UHD GOOGLE TV'LER",
    "parent": null
  }
},
{
  "model": "products.category",
  "pk": 24,
  "fields": {
    "name": "9 SERİSİ , 4K , NETFLIX ÖZELLİKLİ ANDROID UHD GOOGLE TV'LER",
    "parent": null
  }
},
{
  "model": "products.category",
  "pk": 25,
  "fields": {
    "name": "QLED TV'LER",
    "parent": null
  }
},
{
  "model": "products.product",
  "pk": 1,
  "fields": {
    "name": "OTB 51223 M - Tek ve Çift Kapılı Statik Buzdolapları",
    "brand": "",
    "category": 1,
    "description": "25lt oto buzdolabı soğutma/ısıtma",
    "price": "7999.00",
    "image": "https://www.beko.com.tr/media/resize/9009081200_LO1_20221019_112555.png/265Wx265H/image.png",
    "model_code": "OTB 51223 M",
    "warranty_code": null,
    "price_list": "8420.00",
    "price_cash": "7999.00",
    "campaign_tag": "ÖZEL FİYATLI ÜRÜN",
    "warranty_duration_months": 24,
    "stock": 10
  }
},
{
  "model": "products.product",
  "pk": 2,
  "fields": {
    "name": "754140 MB - Tek ve Çift Kapılı Statik Buzdolapları",
    "brand": "",
    "category": 1,
    "description": "Net 114 lt, tezgah seviyesi buzdolabı, beyaz, 59-54-84 CM, E",
    "price": "13999.00",
    "image": "https://www.beko.com.tr/media/resize/7225120210_LO1_20201221_003716.png/1000Wx1000H/image.webp",
    "model_code": "754140 MB",
    "warranty_code": "2BD1",
    "price_list": "14740.00",
    "price_cash": "13999.00",
    "campaign_tag": null,
    "warranty_duration_months": 24,
    "stock": 10
  }
},
{
  "model": "products.product",
  "pk": 3,
  "fields": {
    "name": "854257 MB - Tek ve Çift Kapılı Statik Buzdolapları",
    "brand": "",
    "category": 1,
    "description": "Net 257 lt çift kapılı,statik buzdolabı, tropikal, beyaz, 59-54-160 CM, E",
    "price": "22999.00",
    "image": "https://www.beko.com.tr/media/resize/7277710210_MDM2_LOW_1.png/1000Wx1000H/image.webp",
    "model_code": "854257 MB",
    "warranty_code": "2BD2",
    "price_list": "24210.00",
    "price_cash": "22999.00",
    "campaign_tag": null,
    "warranty_duration_months": 24,
    "stock": 10
  }
},
{
  "model": "products.product",
  "pk": 4,
  "fields": {
    "name": "B 69400 NFK - Neo Frost Buzdolapları",
    "brand": "",
    "category": 2,
    "description": "Net 370 lt,ankastre  kombi çift kapılı,no frost buzdolabı,HOMEWHIZ,PROSMART INVERTER,HarvestFresh,beyaz, D,55-69-194 cm",
    "price": "53999.00",
    "image": "https://www.bekokibris.com/wp-content/uploads/2024/06/B69400NFK.webp",
    "model_code": "B 69400 NFK",
    "warranty_code": "2BD3",
    "price_list": "56845.00",
    "price_cash": "53999.00",
    "campaign_tag": "ÖZEL FİYATLI ÜRÜN",
    "warranty_duration_months": 24,
    "stock": 10
  }
},
{
  "model": "products.product",
  "pk": 5,
  "fields": {
    "name": "970357 MB - Neo Frost Buzdolapları",
    "brand": "",
    "category": 2,
    "description": "Net 357 lt, çift kapılı, neo frost buzdolabı, ProSmart Inverter Kompresör, tropikal, beyaz, E, 65.5-70-172 cm",
    "price": "39999.00",
    "image": "https://www.beko.com.tr/media/resize/7293120218_LO1_20240912_164924.png/265Wx265H/image.png",
    "model_code": "970357 MB",
    "warranty_code": "2BD4",
    "price_list": "42105.00",
    "price_cash": "39999.00",
    "campaign_tag": "BU ÜRÜNLERDEN ALANA KMPOTB 51223 M HEDİYE VEYA 4000TL EK İNDİRİM",
    "warranty_duration_months": 24,
    "stock": 10
  }
},
{
  "model": "products.product",
  "pk": 6,
  "fields": {
    "name": "970406 MB - Neo Frost Buzdolapları",
    "brand": "",
    "category": 2,
    "description": "Net 406 lt, çift kapılı,neo frost buzdolabı, tropikal, beyaz, 66-70-185 CM, E",
    "price": "41999.00",
    "image": "https://www.beko.com.tr/media/resize/7293120208_MDM2_LOW_1.png/265Wx265H/image.png",
    "model_code": "970406 MB",
    "warranty_code": "2BD5",
    "price_list": "44210.00",
    "price_cash": "41999.00",
    "campaign_tag": null,
    "warranty_duration_months": 24,
    "stock": 10
  }
},
{
  "model": "products.product",
  "pk": 7,
  "fields": {
    "name": "970477 MB - Neo Frost Buzdolapları",
    "brand": "",
    "category": 2,
    "description": "Net 477 lt, çift kapılı, no frost buzdolabı,AEROFLOW, tropikal, beyaz, 75-70-187 cm, E",
    "price": "45999.00",
    "image": "https://www.beko.com.tr/media/resize/7253620260_MDM2_LOW_1.png/1000Wx1000H/image.webp",
    "model_code": "970477 MB",
    "warranty_code": "2BD6",
    "price_list": "48420.00",
    "price_cash": "45999.00",
    "campaign_tag": null,
    "warranty_duration_months": 24,
    "stock": 10
  }
},
{
  "model": "products.product",
  "pk": 8,
  "fields": {
    "name": "970477 EB - Neo Frost Buzdolapları",
    "brand": "",
    "category": 2,
    "description": "Net 477 lt, çift kapılı,AeroFlow ,Elektronik display,neo frost buzdolabı,tropikal, beyaz,75-70-187 CM, E",
    "price": "46999.00",
    "image": "https://www.beko.com.tr/media/resize/7217820210_MDM2_LOW_1.png/1000Wx1000H/image.webp",
    "model_code": "970477 EB",
    "warranty_code": "2BD7",
    "price_list": "49475.00",
    "price_cash": "46999.00",
    "campaign_tag": null,
    "warranty_duration_months": 24,
    "stock": 10
  }
},
{
  "model": "products.product",
  "pk": 9,
  "fields": {
    "name": "970475 EI - Neo Frost Buzdolapları",
    "brand": "",
    "category": 2,
    "description": "Net 477 lt, çift kapılı,AeroFlow ,Harvest Fresh-EverFresh+,Elektronik display,neo frost buzdolabı,tropikal,inox,75-70-187.CM, E",
    "price": "49999.00",
    "image": "https://www.beko.com.tr/media/resize/7256420281_MDM2_LOW_1.png/265Wx265H/image.png",
    "model_code": "970475 EI",
    "warranty_code": "2BD8",
    "price_list": "52635.00",
    "price_cash": "49999.00",
    "campaign_tag": null,
    "warranty_duration_months": 24,
    "stock": 10
  }
},
{
  "model": "products.product",
  "pk": 10,
  "fields": {
    "name": "670475 EB - Neo Frost Buzdolapları",
    "brand": "",
    "category": 2,
    "description": "Net 475 lt, kombi çift kapılı, neo frost buzdolabı,AeroFlow, HarvestFresh, beyaz, 75-70-187 cm, E",
    "price": "44999.00",
    "image": "https://www.beko.com.tr/media/resize/7202920202_LO1_20240219_191134.png/1000Wx1000H/image.webp",
    "model_code": "670475 EB",
    "warranty_code": "2BD9",
    "price_list": "47370.00",
    "price_cash": "44999.00",
    "campaign_tag": null,
    "warranty_duration_months": 24,
    "stock": 10
  }
},
{
  "model": "products.product",
  "pk": 11,
  "fields": {
    "name": "670475 EI - Neo Frost Buzdolapları",
    "brand": "",
    "category": 2,
    "description": "Net 475 lt, kombi çift kapılı,neo frost buzdolabı,AeroFlow, Harvest Fresh,tropikal,inox,75-70-187 CM, E",
    "price": "47999.00",
    "image": "https://www.beko.com.tr/media/resize/7202920201_MDMa2_LOW_1.png/1000Wx1000H/image.webp",
    "model_code": "670475 EI",
    "warranty_code": "2BD10",
    "price_list": "50530.00",
    "price_cash": "47999.00",
    "campaign_tag": null,
    "warranty_duration_months": 24,
    "stock": 10
  }
},
{
  "model": "products.product",
  "pk": 12,
  "fields": {
    "name": "670490 IEB - Neo Frost Buzdolapları",
    "brand": "",
    "category": 2,
    "description": "Net 490 lt, kombi çift kapılı,AeroFlow no frost buzdolabı,ProSmart Inverter Kompresör,HARVEST FRESH,tropikal, beyaz , 75-70-192 CM, E",
    "price": "43999.00",
    "image": "https://www.beko.com.tr/media/resize/7295820204_LO1_20230927_235523.png/265Wx265H/image.png",
    "model_code": "670490 IEB",
    "warranty_code": "2BD11",
    "price_list": "46315.00",
    "price_cash": "43999.00",
    "campaign_tag": null,
    "warranty_duration_months": 24,
    "stock": 10
  }
},
{
  "model": "products.product",
  "pk": 13,
  "fields": {
    "name": "670490 IEI - Neo Frost Buzdolapları",
    "brand": "",
    "category": 2,
    "description": "Net 490 lt, kombi çift kapılı,AeroFlow no frost buzdolabı,ProSmart Inverter Kompresör,HARVEST FRESH,tropikal, inox , 75-70-192 CM, E",
    "price": "51999.00",
    "image": "https://www.beko.com.tr/media/resize/7295820205_MDM2_LOW_1.png/265Wx265H/image.png",
    "model_code": "670490 IEI",
    "warranty_code": "2BD12",
    "price_list": "54740.00",
    "price_cash": "51999.00",
    "campaign_tag": null,
    "warranty_duration_months": 24,
    "stock": 10
  }
},
{
  "model": "products.product",
  "pk": 14,
  "fields": {
    "name": "678550 EB FIT - Neo Frost Buzdolapları",
    "brand": "",
    "category": 2,
    "description": "Net 551 lt, kombi çift kapılı,neo frost buzdolabı,ElegantFit,ProSmart Inverter Kompresör,HARVEST FRESH,tropikal, beyaz, 76-78-188CM, E",
    "price": "63999.00",
    "image": "https://www.beko.com.tr/media/resize/7294620281_MDM2_LOW_1.png/1000Wx1000H/image.webp",
    "model_code": "678550 EB FIT",
    "warranty_code": "2BD13",
    "price_list": "67370.00",
    "price_cash": "63999.00",
    "campaign_tag": null,
    "warranty_duration_months": 24,
    "stock": 10
  }
},
{
  "model": "products.product",
  "pk": 15,
  "fields": {
    "name": "678550 EI FIT - Neo Frost Buzdolapları",
    "brand": "",
    "category": 2,
    "description": "Net 551 lt, kombi çift kapılı,neo frost buzdolabı,ElegantFit,AeroFlow,ProSmart Inverter Kompresör,HARVEST FRESH,tropikal, inox, 76-78-188CM, E",
    "price": "63999.00",
    "image": "https://www.beko.com.tr/media/resize/7281620235_MDM2_LOW_1.png/1000Wx1000H/image.webp",
    "model_code": "678550 EI FIT",
    "warranty_code": null,
    "price_list": "67370.00",
    "price_cash": "63999.00",
    "campaign_tag": null,
    "warranty_duration_months": 24,
    "stock": 10
  }
},
{
  "model": "products.product",
  "pk": 16,
  "fields": {
    "name": "678551 ESC - Neo Frost Buzdolapları",
    "brand": "",
    "category": 2,
    "description": "Net 551 lt,kombi çift kapılı,neofrost buzdolabı,ProSmart Inverter Kompresör,AEROFLOW,HARVEST,EVERFRESH+,HOMEWHIZ,NutriFreeze,tropikal,siyah cam, 76-78-187CM, D",
    "price": "72999.00",
    "image": "https://www.beko.com.tr/media/resize/7282120234_LO1_20240524_123316.png/265Wx265H/image.png",
    "model_code": "678551 ESC",
    "warranty_code": "2BD14",
    "price_list": "76845.00",
    "price_cash": "72999.00",
    "campaign_tag": null,
    "warranty_duration_months": 24,
    "stock": 10
  }
},
{
  "model": "products.product",
  "pk": 17,
  "fields": {
    "name": "683613 EB - Neo Frost Buzdolapları",
    "brand": "",
    "category": 2,
    "description": "Net 615 lt, kombi çift kapılı, no frost buzdolabı,AeroFlow,PROSMART INVERTER,HarvestFresh, beyaz, 76-83-193 cm, D",
    "price": "66999.00",
    "image": "https://www.beko.com.tr/media/resize/7296520215_MDM2_LOW_1.png/1000Wx1000H/image.webp",
    "model_code": "683613 EB",
    "warranty_code": "2BD15",
    "price_list": "70530.00",
    "price_cash": "66999.00",
    "campaign_tag": null,
    "warranty_duration_months": 24,
    "stock": 10
  }
},
{
  "model": "products.product",
  "pk": 18,
  "fields": {
    "name": "683613 EI - Neo Frost Buzdolapları",
    "brand": "",
    "category": 2,
    "description": "Net 615 lt, kombi çift kapılı, no frost buzdolabı,AeroFlow,PROSMART INVERTER,HarvestFresh, beyaz, 76-83-193 cm, D",
    "price": "67999.00",
    "image": "https://www.beko.com.tr/media/resize/7296520262_MDM2_LOW_1.png/1000Wx1000H/image.webp",
    "model_code": "683613 EI",
    "warranty_code": "2BD16",
    "price_list": "71580.00",
    "price_cash": "67999.00",
    "campaign_tag": null,
    "warranty_duration_months": 24,
    "stock": 10
  }
},
{
  "model": "products.product",
  "pk": 19,
  "fields": {
    "name": "191572 EI - Neo Frost Buzdolapları",
    "brand": "BEKO",
    "category": 2,
    "description": "Net 572 lt, 4 kapılı, gardırop tipi, ProSmart Inverter Kompresör,HARVESTFRESH, neo frost buzdolabı, tropikal, inox, E, 70.5-90.8-182 cm",
    "price": "82999.00",
    "image": "https://www.beko.com.tr/media/resize/7295520276_MDM2_LOW_1.png/1000Wx1000H/image.webp",
    "model_code": "191572 EI",
    "warranty_code": "2BD17",
    "price_list": "87370.00",
    "price_cash": "82999.00",
    "campaign_tag": "",
    "warranty_duration_months": 24,
    "stock": 9
  }
},
{
  "model": "products.product",
  "pk": 20,
  "fields": {
    "name": "191572 EBS - Neo Frost Buzdolapları",
    "brand": "BEKO",
    "category": 2,
    "description": "Net 565 lt, 4 kapılı, gardırop tipi, su pınarlı,prosmart inverter, everfresh,harvestfresh, neo frost buzdolabı, tropikal, beyaz, E, 70.5-90.8-182 cm",
    "price": "98999.00",
    "image": "https://www.beko.com.tr/media/resize/7293720244_MDM2_LOW_1.png/1000Wx1000H/image.webp",
    "model_code": "191572 EBS",
    "warranty_code": "2BD18",
    "price_list": "104210.00",
    "price_cash": "98999.00",
    "campaign_tag": "",
    "warranty_duration_months": 24,
    "stock": 0
  }
},
{
  "model": "products.product",
  "pk": 21,
  "fields": {
    "name": "191572 ESC - Neo Frost Buzdolapları",
    "brand": "",
    "category": 2,
    "description": "Net 572 lt, 4 kapılı, gardırop tipi, prosmart inverter, HarvestFresh,Everfresh, neo frost buzdolabı, tropikal, siyah cam, E, 70.5-90.8-182 cm",
    "price": "103999.00",
    "image": "https://www.beko.com.tr/media/resize/7295620255_MDM2_LOW_1.png/265Wx265H/image.png",
    "model_code": "191572 ESC",
    "warranty_code": "2BD19",
    "price_list": "109475.00",
    "price_cash": "103999.00",
    "campaign_tag": null,
    "warranty_duration_months": 24,
    "stock": 10
  }
},
{
  "model": "products.product",
  "pk": 22,
  "fields": {
    "name": "660316 MB - Neo Frost Buzdolapları",
    "brand": "",
    "category": 2,
    "description": "Net 316 lt, kombi çift kapılı,Aero Flow, no frost buzdolabı, tropikal, beyaz, 66-60-187 CM, E",
    "price": "29499.00",
    "image": "https://www.beko.com.tr/media/resize/7282920202_MDM2_LOW_1.png/265Wx265H/image.png",
    "model_code": "660316 MB",
    "warranty_code": "2BD20",
    "price_list": "31055.00",
    "price_cash": "29499.00",
    "campaign_tag": "WEB ÖZEL",
    "warranty_duration_months": 24,
    "stock": 10
  }
},
{
  "model": "products.product",
  "pk": 23,
  "fields": {
    "name": "660316 MI - Neo Frost Buzdolapları",
    "brand": "",
    "category": 2,
    "description": "Net 316 lt, kombi çift kapılı,Aero Flow, no frost buzdolabı, tropikal, inox, 66-60-187 CM, E",
    "price": "30499.00",
    "image": "https://www.beko.com.tr/media/resize/7282920203_MDM2_LOW_1.png/265Wx265H/image.png",
    "model_code": "660316 MI",
    "warranty_code": "2BD21",
    "price_list": "32105.00",
    "price_cash": "30499.00",
    "campaign_tag": null,
    "warranty_duration_months": 24,
    "stock": 10
  }
},
{
  "model": "products.product",
  "pk": 24,
  "fields": {
    "name": "670475 MB - Neo Frost Buzdolapları",
    "brand": "",
    "category": 2,
    "description": "Net 475 lt, kombi çift kapılı, neo frost buzdolabı, beyaz, E, 75-70-187 cm",
    "price": "34499.00",
    "image": "https://www.beko.com.tr/media/resize/7202920205_LO1_20240308_142828.png/1000Wx1000H/image.webp",
    "model_code": "670475 MB",
    "warranty_code": "2BD22",
    "price_list": "36315.00",
    "price_cash": "34499.00",
    "campaign_tag": null,
    "warranty_duration_months": 24,
    "stock": 10
  }
},
{
  "model": "products.product",
  "pk": 25,
  "fields": {
    "name": "670475 MI - Neo Frost Buzdolapları",
    "brand": "",
    "category": 2,
    "description": "Net 475 lt, kombi çift kapılı, neo frost buzdolabı, INOX, E, 75-70-187 cm",
    "price": "36499.00",
    "image": "https://www.beko.com.tr/media/resize/7202920206_MDM2_LOW_1.png/1000Wx1000H/image.webp",
    "model_code": "670475 MI",
    "warranty_code": "2BD23",
    "price_list": "38420.00",
    "price_cash": "36499.00",
    "campaign_tag": null,
    "warranty_duration_months": 24,
    "stock": 10
  }
},
{
  "model": "products.product",
  "pk": 26,
  "fields": {
    "name": "978556 EI - Neo Frost Buzdolapları",
    "brand": "",
    "category": 2,
    "description": "Net 557 lt, çift kapılı,ProSmart Inverter Kompresör, HARVESTFRESH,Aero Flow,no frost buzdolabı, tropikal, Inox , 76-78-186 CM, E",
    "price": "38499.00",
    "image": "https://www.beko.com.tr/media/resize/7281820286_MDM2_LOW_1.png/265Wx265H/image.png",
    "model_code": "978556 EI",
    "warranty_code": "2BD24",
    "price_list": "40525.00",
    "price_cash": "38499.00",
    "campaign_tag": null,
    "warranty_duration_months": 24,
    "stock": 10
  }
},
{
  "model": "products.product",
  "pk": 27,
  "fields": {
    "name": "674533 MB - Neo Frost Buzdolapları",
    "brand": "",
    "category": 2,
    "description": "Net 532 lt, kombi çift kapılı, neo frost buzdolabı, ProSmart Inverter, HARVESTFRESH, tropikal, beyaz, E, 76-74-186 cm",
    "price": "45499.00",
    "image": "https://www.beko.com.tr/media/resize/7281620218_LO1_20240221_114313.png/1000Wx1000H/image.webp",
    "model_code": "674533 MB",
    "warranty_code": "2BD25",
    "price_list": "47895.00",
    "price_cash": "45499.00",
    "campaign_tag": null,
    "warranty_duration_months": 24,
    "stock": 10
  }
},
{
  "model": "products.product",
  "pk": 28,
  "fields": {
    "name": "674581 EI - Neo Frost Buzdolapları",
    "brand": "",
    "category": 2,
    "description": "Net 532 lt, kombi çift kapılı, no frost buzdolabı, ProSmart Inverter Kompresör, EverFresh, tropikal, inox, 76-74-186 cm, E",
    "price": "48499.00",
    "image": "https://www.beko.com.tr/media/resize/7281620294_MDM2_LOW_1.png/265Wx265H/image.png",
    "model_code": "674581 EI",
    "warranty_code": "2BD26",
    "price_list": "51055.00",
    "price_cash": "48499.00",
    "campaign_tag": null,
    "warranty_duration_months": 24,
    "stock": 10
  }
},
{
  "model": "products.product",
  "pk": 29,
  "fields": {
    "name": "683616 EI - Neo Frost Buzdolapları",
    "brand": "",
    "category": 2,
    "description": "Net 615 lt, kombi çift kapılı, neo frost buzdolabı,HOMEWHIZ,Everfresh, ProSmart Inverter Kompresör, inox, C, 76-83-193 cm",
    "price": "60499.00",
    "image": "https://www.beko.com.tr/media/resize/7296520277_MDM2_LOW_1.png/265Wx265H/image.png",
    "model_code": "683616 EI",
    "warranty_code": "2BD27",
    "price_list": "63685.00",
    "price_cash": "60499.00",
    "campaign_tag": null,
    "warranty_duration_months": 24,
    "stock": 10
  }
},
{
  "model": "products.product",
  "pk": 30,
  "fields": {
    "name": "BSS-2203 - Su Sebili",
    "brand": "",
    "category": 3,
    "description": "Su sebili (beyaz), 32-31-93 CM,sıcak/soğuk,",
    "price": "7499.00",
    "image": "https://www.beko.com.tr/media/resize/8892811200_LO1_20200122_095145.png/265Wx265H/image.png",
    "model_code": "BSS-2203",
    "warranty_code": null,
    "price_list": "7895.00",
    "price_cash": "7499.00",
    "campaign_tag": "ÖZEL FİYATLI ÜRÜN",
    "warranty_duration_months": 24,
    "stock": 10
  }
},
{
  "model": "products.product",
  "pk": 31,
  "fields": {
    "name": "BSS-4600 - Su Sebili",
    "brand": "",
    "category": 3,
    "description": "Su sebili (silver), 36-31-104 CM,sıcak/soğuk,alttan damacanalı",
    "price": "11499.00",
    "image": "https://www.beko.com.tr/media/resize/8892791200_LO1_20200122_094647.png/265Wx265H/image.png",
    "model_code": "BSS-4600",
    "warranty_code": null,
    "price_list": "12105.00",
    "price_cash": "11499.00",
    "campaign_tag": null,
    "warranty_duration_months": 24,
    "stock": 10
  }
},
{
  "model": "products.product",
  "pk": 32,
  "fields": {
    "name": "7030 MB - Dikey Derin Dondurucular",
    "brand": "",
    "category": 4,
    "description": "3 çek, Net 65 lt, tropikal, STATİK, dikey derin dondurucu, beyaz, 50-48-82 CM, E",
    "price": "16999.00",
    "image": "https://www.beko.com.tr/media/resize/7266920111_MDM2_LOW_1.png/1000Wx1000H/image.webp",
    "model_code": "7030 MB",
    "warranty_code": "2DD1",
    "price_list": "17895.00",
    "price_cash": "16999.00",
    "campaign_tag": "BU ÜRÜNLERDEN ALANA KMPMOC201102W 20LT BEYAZ MİKRODALGA HEDİYE VEYA 2000TL EK İNDİRİM",
    "warranty_duration_months": 24,
    "stock": 10
  }
},
{
  "model": "products.product",
  "pk": 33,
  "fields": {
    "name": "7362 NFB - Dikey Derin Dondurucular",
    "brand": "",
    "category": 4,
    "description": "ProSmart Inverter Kompresör,6 çek, Net 220lt, tropikal, NOFROST,dikey derin dondurucu, beyaz, 71-60-152 CM, E",
    "price": "33999.00",
    "image": "https://www.beko.com.tr/media/resize/7285920210_LO1_20240426_113022.png/1000Wx1000H/image.webp",
    "model_code": "7362 NFB",
    "warranty_code": "2DD2",
    "price_list": "35790.00",
    "price_cash": "33999.00",
    "campaign_tag": null,
    "warranty_duration_months": 24,
    "stock": 10
  }
},
{
  "model": "products.product",
  "pk": 34,
  "fields": {
    "name": "7071 NFB - Dikey Derin Dondurucular",
    "brand": "",
    "category": 4,
    "description": "ProSmart Inverter Kompresör,7 çek, Net 260lt, tropikal, NOFROST,dikey derin dondurucu, beyaz, 75-60-171 CM, E",
    "price": "35999.00",
    "image": "https://www.beko.com.tr/media/resize/7284720210_LO1_20230529_221814.png/1000Wx1000H/image.webp",
    "model_code": "7071 NFB",
    "warranty_code": "2DD3",
    "price_list": "37895.00",
    "price_cash": "35999.00",
    "campaign_tag": null,
    "warranty_duration_months": 24,
    "stock": 10
  }
},
{
  "model": "products.product",
  "pk": 35,
  "fields": {
    "name": "7375 JEB - Dikey Derin Dondurucular",
    "brand": "",
    "category": 4,
    "description": "ProSmart Inverter Kompresör,7 çek JOKER, Net 260lt, tropikal,NOFROST,HOME WHIZ,JOKER,dikey derin dondurucu,beyaz,75-60-171 CM, E",
    "price": "38999.00",
    "image": "https://www.beko.com.tr/media/resize/7294220510_MDM2_LOW_1.png/1000Wx1000H/image.webp",
    "model_code": "7375 JEB",
    "warranty_code": "2DD4",
    "price_list": "41055.00",
    "price_cash": "38999.00",
    "campaign_tag": null,
    "warranty_duration_months": 24,
    "stock": 10
  }
},
{
  "model": "products.product",
  "pk": 36,
  "fields": {
    "name": "7375 JEI - Dikey Derin Dondurucular",
    "brand": "",
    "category": 4,
    "description": "ProSmart Inverter Kompresör,7 çek JOKER, Net 260lt, tropikal,NOFROST,HOME WHIZ,JOKER,dikey derin dondurucu,inox,75-60-171 CM, E",
    "price": "39999.00",
    "image": "https://www.beko.com.tr/media/resize/7294220292_LO1_20240325_131707.png/1000Wx1000H/image.webp",
    "model_code": "7375 JEI",
    "warranty_code": "2DD5",
    "price_list": "42105.00",
    "price_cash": "39999.00",
    "campaign_tag": null,
    "warranty_duration_months": 24,
    "stock": 10
  }
},
{
  "model": "products.product",
  "pk": 37,
  "fields": {
    "name": "7781 EB - Dikey Derin Dondurucular",
    "brand": "",
    "category": 4,
    "description": "ProSmart Inverter Kompresör,8 çek, Net 404lt, tropikal,NOFROST, dikey derin dondurucu, beyaz, 81-70-191 CM, E",
    "price": "46999.00",
    "image": "https://www.beko.com.tr/media/resize/7278420213_LO1_20210118_130136.png/1000Wx1000H/image.webp",
    "model_code": "7781 EB",
    "warranty_code": "2DD6",
    "price_list": "49475.00",
    "price_cash": "46999.00",
    "campaign_tag": null,
    "warranty_duration_months": 24,
    "stock": 10
  }
},
{
  "model": "products.product",
  "pk": 38,
  "fields": {
    "name": "7083 EI - Dikey Derin Dondurucular",
    "brand": "",
    "category": 4,
    "description": "ProSmart Inverter Kompresör,8 çek MULTİMOD,Net 240lt, tropikal,NOFROST,dikey derin dondurucu,inox, 70-60-185 CM, E",
    "price": "46999.00",
    "image": "",
    "model_code": "7083 EI",
    "warranty_code": null,
    "price_list": "49475.00",
    "price_cash": "46999.00",
    "campaign_tag": null,
    "warranty_duration_months": 24,
    "stock": 10
  }
},
{
  "model": "products.product",
  "pk": 39,
  "fields": {
    "name": "7032 MB - Dikey Derin Dondurucular",
    "brand": "",
    "category": 4,
    "description": "3 çek, Net 95lt, tropikal, STATİK,dikey derin dondurucu, beyaz, 59-54-84 CM, E",
    "price": "13999.00",
    "image": "https://www.beko.com.tr/media/resize/7217620112_LO2_20240208_130031.png/1000Wx1000H/image.webp",
    "model_code": "7032 MB",
    "warranty_code": "2DD7",
    "price_list": "14735.00",
    "price_cash": "13999.00",
    "campaign_tag": "WEB ÖZEL",
    "warranty_duration_months": 24,
    "stock": 10
  }
},
{
  "model": "products.product",
  "pk": 40,
  "fields": {
    "name": "7043 MB - Dikey Derin Dondurucular",
    "brand": "",
    "category": 4,
    "description": "4 çek, Net 117lt, tropikal, STATİK,dikey derin dondurucu, beyaz, 64-54-102 CM, E",
    "price": "15999.00",
    "image": "https://www.beko.com.tr/media/resize/7223320211_LO1_20240209_130048.png/265Wx265H/image.png",
    "model_code": "7043 MB",
    "warranty_code": "2DD8",
    "price_list": "16845.00",
    "price_cash": "15999.00",
    "campaign_tag": null,
    "warranty_duration_months": 24,
    "stock": 10
  }
},
{
  "model": "products.product",
  "pk": 41,
  "fields": {
    "name": "7681 EB - Dikey Derin Dondurucular",
    "brand": "",
    "category": 4,
    "description": "ProSmart Inverter Kompresör,8 çek, Net 286lt, tropikal, NOFROST,dikey derin dondurucu, beyaz, 75-60-187 CM, E",
    "price": "32499.00",
    "image": "https://www.beko.com.tr/media/resize/7283640816_LO1_20220719_204502.png/1000Wx1000H/image.webp",
    "model_code": "7681 EB",
    "warranty_code": "2DD9",
    "price_list": "34210.00",
    "price_cash": "32499.00",
    "campaign_tag": null,
    "warranty_duration_months": 24,
    "stock": 10
  }
},
{
  "model": "products.product",
  "pk": 42,
  "fields": {
    "name": "3205 JE - Statik Yatay Derin Dondurucular",
    "brand": "",
    "category": 5,
    "description": "Net 205 lt, Üstten kapaklı, tropikal, statik, derin dondurucu, beyaz,JOKER, 68-76-91 cm, E",
    "price": "23999.00",
    "image": "https://www.beko.com.tr/media/resize/457500000043_LO1_20240104_102202.png/1000Wx1000H/image.webp",
    "model_code": "3205 JE",
    "warranty_code": "2DD10",
    "price_list": "25265.00",
    "price_cash": "23999.00",
    "campaign_tag": "BU ÜRÜNLERDEN ALANA KMPMOC201102W 20LT BEYAZ MİKRODALGA HEDİYE VEYA 2000TL EK İNDİRİM",
    "warranty_duration_months": 24,
    "stock": 10
  }
},
{
  "model": "products.product",
  "pk": 43,
  "fields": {
    "name": "3298 JEM - Statik Yatay Derin Dondurucular",
    "brand": "",
    "category": 5,
    "description": "Net 298 lt, Üstten kapaklı, tropikal, statik, derin dondurucu, beyaz, JOKER, 69-111-86 cm, E",
    "price": "29999.00",
    "image": "https://www.beko.com.tr/media/resize/457500000157_MDM2_LOW_1.png/265Wx265H/image.png",
    "model_code": "3298 JEM",
    "warranty_code": "2DD11",
    "price_list": "31580.00",
    "price_cash": "29999.00",
    "campaign_tag": null,
    "warranty_duration_months": 24,
    "stock": 10
  }
},
{
  "model": "products.product",
  "pk": 44,
  "fields": {
    "name": "3360 JEM - Statik Yatay Derin Dondurucular",
    "brand": "",
    "category": 5,
    "description": "Net 360 lt, Üstten kapaklı, tropikal,statik, derin dondurucu, beyaz, JOKER , 69-129-86 cm, E",
    "price": "32999.00",
    "image": "https://www.beko.com.tr/media/resize/457500000158_MDM2_LOW_1.png/265Wx265H/image.png",
    "model_code": "3360 JEM",
    "warranty_code": "2DD12",
    "price_list": "34740.00",
    "price_cash": "32999.00",
    "campaign_tag": null,
    "warranty_duration_months": 24,
    "stock": 10
  }
},
{
  "model": "products.product",
  "pk": 45,
  "fields": {
    "name": "3451 E - Statik Yatay Derin Dondurucular",
    "brand": "",
    "category": 5,
    "description": "Net 451 lt, Üstten kapaklı tropikal derin dondurucu, 68-156-86 CM, E",
    "price": "35999.00",
    "image": "https://www.beko.com.tr/media/resize/457500000029_LO1_20240205_093835.png/265Wx265H/image.png",
    "model_code": "3451 E",
    "warranty_code": "2DD3",
    "price_list": "37895.00",
    "price_cash": "35999.00",
    "campaign_tag": null,
    "warranty_duration_months": 24,
    "stock": 10
  }
},
{
  "model": "products.product",
  "pk": 46,
  "fields": {
    "name": "3298 JEMG - Statik Yatay Derin Dondurucular",
    "brand": "",
    "category": 5,
    "description": "Net 298 lt, Üstten kapaklı, tropikal, statik, derin dondurucu, silver, JOKER, 69-111-86 cm, E",
    "price": "22599.00",
    "image": "https://www.beko.com.tr/media/resize/457500000154_MDM2_LOW_1.png/1000Wx1000H/image.webp",
    "model_code": "3298 JEMG",
    "warranty_code": "2DD13",
    "price_list": "23790.00",
    "price_cash": "22599.00",
    "campaign_tag": "WEB ÖZEL",
    "warranty_duration_months": 24,
    "stock": 10
  }
},
{
  "model": "products.product",
  "pk": 47,
  "fields": {
    "name": "BM3WFSU37213WA - Çamaşır Makineleri",
    "brand": "",
    "category": 6,
    "description": "7 kg, 1200 d/d, geniş beyaz kapak, çamaşır makinesi, beyaz, PROSMART INVERTER, 50-60-84 cm, A",
    "price": "19999.00",
    "image": "https://www.bekokibris.com/wp-content/uploads/2025/09/BM3WFSU37213WA.jpg",
    "model_code": "BM3WFSU37213WA",
    "warranty_code": "2ÇM1",
    "price_list": "21055.00",
    "price_cash": "19999.00",
    "campaign_tag": "KMPVCO 32801 AR TOZ TORBASIZ SÜPÜRGE HEDİYE VEYA 4000TL EK İNDİRİM",
    "warranty_duration_months": 24,
    "stock": 10
  }
},
{
  "model": "products.product",
  "pk": 48,
  "fields": {
    "name": "CMX 8100 - Çamaşır Makineleri",
    "brand": "",
    "category": 6,
    "description": "8 kg, 1000 d/d, geniş kapak, çamaşır makinesi, beyaz , ProSmart Inverter, 59-60-84 cm, A",
    "price": "20999.00",
    "image": "",
    "model_code": "CMX 8100",
    "warranty_code": "2ÇM2",
    "price_list": "22105.00",
    "price_cash": "20999.00",
    "campaign_tag": null,
    "warranty_duration_months": 24,
    "stock": 10
  }
},
{
  "model": "products.product",
  "pk": 49,
  "fields": {
    "name": "CMXD 9100 - Çamaşır Makineleri",
    "brand": "",
    "category": 6,
    "description": "9 kg, 1000 d/d, geniş siyah kapak, çamaşır makinesi, beyaz, PROSMART INVERTER, A, 64-60-84 cm",
    "price": "23999.00",
    "image": "",
    "model_code": "CMXD 9100",
    "warranty_code": "2ÇM3",
    "price_list": "25265.00",
    "price_cash": "23999.00",
    "campaign_tag": null,
    "warranty_duration_months": 24,
    "stock": 10
  }
},
{
  "model": "products.product",
  "pk": 50,
  "fields": {
    "name": "CMXD 9120 - Çamaşır Makineleri",
    "brand": "",
    "category": 6,
    "description": "9 kg, 1200 d/d, geniş siyah kapak, çamaşır makinesi, beyaz, PROSMART INVERTER, 84-60-64 cm, A",
    "price": "25999.00",
    "image": "https://www.beko.com.tr/media/resize/457100000018_LO1_20240122_230123.png/265Wx265H/image.png",
    "model_code": "CMXD 9120",
    "warranty_code": "2ÇM4",
    "price_list": "27370.00",
    "price_cash": "25999.00",
    "campaign_tag": null,
    "warranty_duration_months": 24,
    "stock": 10
  }
},
{
  "model": "products.product",
  "pk": 51,
  "fields": {
    "name": "CMXD 9120 S - Çamaşır Makineleri",
    "brand": "",
    "category": 6,
    "description": "9 kg, 1200 d/d, geniş siyah kapak, çamaşır makinesi, silver, PROSMART INVERTER, 58-60-85 cm, A ",
    "price": "32999.00",
    "image": "https://www.beko.com.tr/media/resize/457100000017_LO1_20240122_125604.png/265Wx265H/image.png",
    "model_code": "CMXD 9120 S",
    "warranty_code": "2ÇM5",
    "price_list": "34740.00",
    "price_cash": "32999.00",
    "campaign_tag": null,
    "warranty_duration_months": 24,
    "stock": 10
  }
},
{
  "model": "products.product",
  "pk": 52,
  "fields": {
    "name": "CMX 10120 - Çamaşır Makineleri",
    "brand": "",
    "category": 6,
    "description": "10 kg, PREMIUM KAPAK 1200 d/d, geniş kapak, çamaşır makinesi, beyaz,ENERGYSPIN,ProSmart Inverter,    64-60-84 cm , A",
    "price": "28999.00",
    "image": "",
    "model_code": "CMX 10120",
    "warranty_code": "2ÇM6",
    "price_list": "30530.00",
    "price_cash": "28999.00",
    "campaign_tag": null,
    "warranty_duration_months": 24,
    "stock": 10
  }
},
{
  "model": "products.product",
  "pk": 53,
  "fields": {
    "name": "CMX 10120 S - Çamaşır Makineleri",
    "brand": "",
    "category": 6,
    "description": "10 kg, 1200 d/d, PREMIUM kapak, çamaşır makinesi, silver, ENERGYSPIN,PROSMART INVERTER, A, 58-60-85 cm",
    "price": "31999.00",
    "image": "https://www.beko.com.tr/media/resize/457100000010_LO1_20240118_223007.png/265Wx265H/image.png",
    "model_code": "CMX 10120 S",
    "warranty_code": "2ÇM7",
    "price_list": "33685.00",
    "price_cash": "31999.00",
    "campaign_tag": null,
    "warranty_duration_months": 24,
    "stock": 10
  }
},
{
  "model": "products.product",
  "pk": 54,
  "fields": {
    "name": "CMX 11140 - Çamaşır Makineleri",
    "brand": "",
    "category": 6,
    "description": "11 kg, 1400 d/d, geniş kapak, çamaşır makinesi, Beyaz, PROSMART INVERTER, 67-60-84 cm, A",
    "price": "33999.00",
    "image": "https://www.beko.com.tr/media/resize/457100000021_MDM2_LOW_1.png/1000Wx1000H/image.webp",
    "model_code": "CMX 11140",
    "warranty_code": "2ÇM8",
    "price_list": "35790.00",
    "price_cash": "33999.00",
    "campaign_tag": null,
    "warranty_duration_months": 24,
    "stock": 10
  }
},
{
  "model": "products.product",
  "pk": 55,
  "fields": {
    "name": "CMX 12140 - Çamaşır Makineleri",
    "brand": "",
    "category": 6,
    "description": "12 kg, PREMIUM KAPAK 1400 d/d, geniş kapak, çamaşır makinesi, Beyaz,ProSmart Inverter, 63-60-85 cm, A",
    "price": "34999.00",
    "image": "https://www.beko.com.tr/media/resize/457100000025_MDM2_LOW_1.png/265Wx265H/image.png",
    "model_code": "CMX 12140",
    "warranty_code": "2ÇM9",
    "price_list": "36845.00",
    "price_cash": "34999.00",
    "campaign_tag": null,
    "warranty_duration_months": 24,
    "stock": 10
  }
},
{
  "model": "products.product",
  "pk": 56,
  "fields": {
    "name": "CMX 1070 YK I - Çamaşır Makineleri",
    "brand": "",
    "category": 6,
    "description": "10kg yıkama 7kg kurutma makinası, 1200 d/d, bacasız, beyaz,IRONFINISH, geniş kapak, 60-60-84,5 cm , D",
    "price": "38999.00",
    "image": "https://www.beko.com.tr/media/resize/457000009500_MDM2_LOW_1.png/265Wx265H/image.png",
    "model_code": "CMX 1070 YK I",
    "warranty_code": "2ÇM10",
    "price_list": "41055.00",
    "price_cash": "38999.00",
    "campaign_tag": null,
    "warranty_duration_months": 24,
    "stock": 10
  }
},
{
  "model": "products.product",
  "pk": 57,
  "fields": {
    "name": "CMB 9140 OG - Çamaşır Makineleri",
    "brand": "",
    "category": 6,
    "description": "9 kg, 1400 d/d, geniş kapak, çamaşır makinesi, manhattan grey, PROSMART INVERTER,HOMEWHIZ,AUTO DOSAGE, 58-60-85 cm, A-%50 ",
    "price": "29999.00",
    "image": "https://www.beko.com.tr/media/resize/7175751000_MDM2_LOW_1.png/265Wx265H/image.png",
    "model_code": "CMB 9140 OG",
    "warranty_code": "2ÇM11",
    "price_list": "31580.00",
    "price_cash": "29999.00",
    "campaign_tag": "WEB ÖZEL",
    "warranty_duration_months": 24,
    "stock": 10
  }
},
{
  "model": "products.product",
  "pk": 58,
  "fields": {
    "name": "CM 11141 - Çamaşır Makineleri",
    "brand": "",
    "category": 6,
    "description": "11 kg, PREMIUM KAPAK 1400 d/d, geniş kapak, çamaşır makinesi, Beyaz,ProSmart Inverter, 67-60-84 cm, A",
    "price": "21999.00",
    "image": "",
    "model_code": "CM 11141",
    "warranty_code": "2ÇM12",
    "price_list": "23160.00",
    "price_cash": "21999.00",
    "campaign_tag": null,
    "warranty_duration_months": 24,
    "stock": 10
  }
},
{
  "model": "products.product",
  "pk": 59,
  "fields": {
    "name": "KM 1011 SW - Çamaşır Makineleri",
    "brand": "",
    "category": 6,
    "description": "10 KG SAVE WATER KURUTMA MAKİNESİ , HomeWhiz, 61-60-85cm, A++",
    "price": "29000.00",
    "image": "",
    "model_code": "KM 1011 SW",
    "warranty_code": "2KM8",
    "price_list": "30525.00",
    "price_cash": "29000.00",
    "campaign_tag": "WEB ÖZEL İKİSİ 57999TL",
    "warranty_duration_months": 24,
    "stock": 10
  }
},
{
  "model": "products.product",
  "pk": 60,
  "fields": {
    "name": "CM 10140 SW - Çamaşır Makineleri",
    "brand": "",
    "category": 6,
    "description": "10 KG SAVE WATER ÇAMAŞIR MAKİNESİ,BUHAR TERAPİ,SUDA BASTIRMA ,HomeWhiz,ProSmart Inverter, 58-60-85cm, A",
    "price": "28999.00",
    "image": "https://www.beko.com.tr/media/resize/7178523500_LO1_20230427_005756.png/1000Wx1000H/image.webp",
    "model_code": "CM 10140 SW",
    "warranty_code": "2ÇM6",
    "price_list": "30525.00",
    "price_cash": "28999.00",
    "campaign_tag": null,
    "warranty_duration_months": 24,
    "stock": 10
  }
},
{
  "model": "products.product",
  "pk": 61,
  "fields": {
    "name": "KMX 81 - Kurutma Ve Yıkama Kurutma Makineleri",
    "brand": "",
    "category": 7,
    "description": "8 kg, kurutma makinası, bacasız, beyaz , Akıllı Nem Sensörü, geniş kapak, 55-60-85 cm, E",
    "price": "28499.00",
    "image": "",
    "model_code": "KMX 81",
    "warranty_code": "2KM1",
    "price_list": "30000.00",
    "price_cash": "28499.00",
    "campaign_tag": "KMPSGA 6126 R BUHAR KAZANLI ÜTÜ HEDİYE VEYA 4500TL EK İNDİRİM",
    "warranty_duration_months": 24,
    "stock": 10
  }
},
{
  "model": "products.product",
  "pk": 62,
  "fields": {
    "name": "KMX 91 - Kurutma Ve Yıkama Kurutma Makineleri",
    "brand": "",
    "category": 7,
    "description": "9 kg, kurutma makinası, bacasız, beyaz , Akıllı Nem Sensörü, geniş kapak, 61-60-85 cm, E",
    "price": "29499.00",
    "image": "",
    "model_code": "KMX 91",
    "warranty_code": "2KM2",
    "price_list": "31055.00",
    "price_cash": "29499.00",
    "campaign_tag": null,
    "warranty_duration_months": 24,
    "stock": 10
  }
},
{
  "model": "products.product",
  "pk": 63,
  "fields": {
    "name": "KMX 90 S - Kurutma Ve Yıkama Kurutma Makineleri",
    "brand": "",
    "category": 7,
    "description": "9 kg, kurutma makinası, bacasız, Silver , Akıllı Nem Sensörü, geniş kapak, 61-60-85 cm, A++",
    "price": "32499.00",
    "image": "https://cdn.akakce.com/z/beko/beko-kmx-90-s-9-kg.jpg",
    "model_code": "KMX 90 S",
    "warranty_code": "2KM3",
    "price_list": "34210.00",
    "price_cash": "32499.00",
    "campaign_tag": null,
    "warranty_duration_months": 24,
    "stock": 10
  }
},
{
  "model": "products.product",
  "pk": 64,
  "fields": {
    "name": "B5T89243W - Kurutma Ve Yıkama Kurutma Makineleri",
    "brand": "",
    "category": 7,
    "description": "9 kg ,Homewhiz,Ironfinish,ProSmart Inverter,aquawave,optisense,buharlı tazeleme,otomatik kırışıklık önleme,kurutma seviyesi ayarı,65-60-85cm,beyaz, A+++",
    "price": "30499.00",
    "image": "",
    "model_code": "B5T89243W",
    "warranty_code": "2KM4",
    "price_list": "32105.00",
    "price_cash": "30499.00",
    "campaign_tag": null,
    "warranty_duration_months": 24,
    "stock": 10
  }
},
{
  "model": "products.product",
  "pk": 65,
  "fields": {
    "name": "KMB 901 I - Kurutma Ve Yıkama Kurutma Makineleri",
    "brand": "",
    "category": 7,
    "description": "9 kg, kurutma makinası, bacasız,Beyaz,IronFinish, D , geniş cam kapak,61-60-85cm",
    "price": "39499.00",
    "image": "https://www.beko.com.tr/media/resize/7188270250_MDM2_LOW_1.png/1000Wx1000H/image.webp",
    "model_code": "KMB 901 I",
    "warranty_code": "2KM5",
    "price_list": "41580.00",
    "price_cash": "39499.00",
    "campaign_tag": null,
    "warranty_duration_months": 24,
    "stock": 10
  }
},
{
  "model": "products.product",
  "pk": 66,
  "fields": {
    "name": "KMX 1001 - Kurutma Ve Yıkama Kurutma Makineleri",
    "brand": "",
    "category": 7,
    "description": "10 kg, kurutma makinası, bacasız, beyaz, Akıllı Nem Sensörü, premium kapak, 61-60-85 cm, E",
    "price": "32499.00",
    "image": "https://www.beko.com.tr/media/resize/7188870280_MDM2_LOW_1.png/1000Wx1000H/image.webp",
    "model_code": "KMX 1001",
    "warranty_code": "2KM3",
    "price_list": "34210.00",
    "price_cash": "32499.00",
    "campaign_tag": null,
    "warranty_duration_months": 24,
    "stock": 10
  }
},
{
  "model": "products.product",
  "pk": 67,
  "fields": {
    "name": "KMX 1001 S - Kurutma Ve Yıkama Kurutma Makineleri",
    "brand": "",
    "category": 7,
    "description": "10 kg, kurutma makinası, bacasız, SILVER, Akıllı Nem Sensörü, premium kapak, 61-60-85 cm, E",
    "price": "36499.00",
    "image": "https://www.beko.com.tr/media/resize/7188270290_MDM2_LOW_1.png/1000Wx1000H/image.webp",
    "model_code": "KMX 1001 S",
    "warranty_code": "2KM6",
    "price_list": "38420.00",
    "price_cash": "36499.00",
    "campaign_tag": null,
    "warranty_duration_months": 24,
    "stock": 10
  }
},
{
  "model": "products.product",
  "pk": 68,
  "fields": {
    "name": "KMX 1101 - Kurutma Ve Yıkama Kurutma Makineleri",
    "brand": "",
    "category": 7,
    "description": "11 kg,kurutma makinası,bacasız,beyaz,Akıllı Nem Sensörü,ProSmart Inverter,premium kapak, 66-60-85 cm, E",
    "price": "36499.00",
    "image": "https://www.beko.com.tr/media/resize/7188270270_MDM2_LOW_1.png/1000Wx1000H/image.webp",
    "model_code": "KMX 1101",
    "warranty_code": null,
    "price_list": "38420.00",
    "price_cash": "36499.00",
    "campaign_tag": null,
    "warranty_duration_months": 24,
    "stock": 10
  }
},
{
  "model": "products.product",
  "pk": 69,
  "fields": {
    "name": "KMX 1201 - Kurutma Ve Yıkama Kurutma Makineleri",
    "brand": "",
    "category": 7,
    "description": "12 kg,kurutma makinası,bacasız,beyaz,Akıllı Nem Sensörü,HomeWhiz,ProSmart Inverter,premium kapak,67-60-85 cm, E",
    "price": "38499.00",
    "image": "https://www.beko.com.tr/media/resize/7184270240_MDM2_LOW_1.png/1000Wx1000H/image.webp",
    "model_code": "KMX 1201",
    "warranty_code": "2KM7",
    "price_list": "40530.00",
    "price_cash": "38499.00",
    "campaign_tag": null,
    "warranty_duration_months": 24,
    "stock": 10
  }
},
{
  "model": "products.product",
  "pk": 70,
  "fields": {
    "name": "BM 3143 - Bulaşık Makineleri",
    "brand": "",
    "category": 8,
    "description": "3 program,ekonomi programlı bulaşık makinesi,beyaz,13 kişilik, 60-60-85cm, D",
    "price": "24499.00",
    "image": "",
    "model_code": "BM 3143",
    "warranty_code": "2BM1",
    "price_list": "25790.00",
    "price_cash": "24499.00",
    "campaign_tag": "KMPCFM6350 INOX FİLTRE KAHVE YAPMA MAKİNESİ HEDİYE VEYA 2500TL EK İNDİRİM",
    "warranty_duration_months": 24,
    "stock": 10
  }
},
{
  "model": "products.product",
  "pk": 71,
  "fields": {
    "name": "DVN05321W - Bulaşık Makineleri",
    "brand": "",
    "category": 8,
    "description": "5 program,ekonomi programlı bulaşık makinesi,beyaz,13 kişilik, 60-60-85cm, E",
    "price": "22499.00",
    "image": "https://www.bekokibris.com/wp-content/uploads/2024/04/DVN05321W1.jpg",
    "model_code": "DVN05321W",
    "warranty_code": "2BM2",
    "price_list": "23685.00",
    "price_cash": "22499.00",
    "campaign_tag": null,
    "warranty_duration_months": 24,
    "stock": 10
  }
},
{
  "model": "products.product",
  "pk": 72,
  "fields": {
    "name": "BM 5145 WF - Bulaşık Makineleri",
    "brand": "",
    "category": 8,
    "description": "5 + 2 indirilebilir program, ekonomik programlı, bulaşık makinesi, beyaz, HomeWhiz,Hijyen Max,14 kişilik, 60-60-85 cm, D",
    "price": "26499.00",
    "image": "https://www.beko.com.tr/media/resize/7632510277_MDM2_LOW_1.png/1000Wx1000H/image.webp",
    "model_code": "BM 5145 WF",
    "warranty_code": "2BM3",
    "price_list": "27895.00",
    "price_cash": "26499.00",
    "campaign_tag": null,
    "warranty_duration_months": 24,
    "stock": 10
  }
},
{
  "model": "products.product",
  "pk": 73,
  "fields": {
    "name": "BM 5145 WF I - Bulaşık Makineleri",
    "brand": "",
    "category": 8,
    "description": "5 + 2 indirilebilir program, ekonomik programlı, bulaşık makinesi, inox, HomeWhiz,Hijyen Max,14 kişilik, 60-60-85 cm, D",
    "price": "28499.00",
    "image": "https://www.beko.com.tr/media/resize/7632410277_MDM2_LOW_1.png/265Wx265H/image.png",
    "model_code": "BM 5145 WF I",
    "warranty_code": "2BM4",
    "price_list": "30000.00",
    "price_cash": "28499.00",
    "campaign_tag": null,
    "warranty_duration_months": 24,
    "stock": 10
  }
},
{
  "model": "products.product",
  "pk": 74,
  "fields": {
    "name": "BM 6147 WF - Bulaşık Makineleri",
    "brand": "",
    "category": 8,
    "description": "6 + 5 indirilebilen program, ekonomik programlı bulaşık makinesi, beyaz,HomeWhiz, Prosmart Inverter, DeepWash,CornerIntense, 16 kişilik, 60-60-85 cm, C",
    "price": "31499.00",
    "image": "https://www.beko.com.tr/media/resize/7633510277_MDM2_LOW_1.png/265Wx265H/image.png",
    "model_code": "BM 6147 WF",
    "warranty_code": "2BM5",
    "price_list": "33160.00",
    "price_cash": "31499.00",
    "campaign_tag": null,
    "warranty_duration_months": 24,
    "stock": 10
  }
},
{
  "model": "products.product",
  "pk": 75,
  "fields": {
    "name": "BM 6147 WF I - Bulaşık Makineleri",
    "brand": "",
    "category": 8,
    "description": "6 + 5 indirilebilen program, ekonomik programlı bulaşık makinesi, inox,HomeWhiz, Prosmart Inverter, DeepWash,CornerIntense, 16 kişilik, 60-60-85 cm, C",
    "price": "32499.00",
    "image": "https://www.beko.com.tr/media/resize/7633410277_MDM2_LOW_1.png/265Wx265H/image.png",
    "model_code": "BM 6147 WF I",
    "warranty_code": "2BM6",
    "price_list": "34210.00",
    "price_cash": "32499.00",
    "campaign_tag": null,
    "warranty_duration_months": 24,
    "stock": 10
  }
},
{
  "model": "products.product",
  "pk": 76,
  "fields": {
    "name": "BM 6147 WF SC - Bulaşık Makineleri",
    "brand": "",
    "category": 8,
    "description": "6 + 5 indirilebilen program, ekonomik programlı bulaşık makinesi, siyah cam, WIFI,PROSMART INVERTER,DeepWash,CornerIntense,16 kişilik, 60-60-85 cm, C",
    "price": "37499.00",
    "image": "https://www.beko.com.tr/media/resize/7633310277_MDM2_LOW_1.png/265Wx265H/image.png",
    "model_code": "BM 6147 WF SC",
    "warranty_code": "2BM7",
    "price_list": "39475.00",
    "price_cash": "37499.00",
    "campaign_tag": null,
    "warranty_duration_months": 24,
    "stock": 10
  }
},
{
  "model": "products.product",
  "pk": 77,
  "fields": {
    "name": "BM 6347 WF I - Bulaşık Makineleri",
    "brand": "",
    "category": 8,
    "description": "6+5 program, ekonomik programlı bulaşık makinesi, inox, PROSMART INVERTER,DeepWash,CornerIntense,HomeWhiz,15 kişilik, 60-60-85 cm, A",
    "price": "38499.00",
    "image": "https://www.beko.com.tr/media/resize/7633210277_MDM2_LOW_1.png/265Wx265H/image.png",
    "model_code": "BM 6347 WF I",
    "warranty_code": "2BM8",
    "price_list": "40530.00",
    "price_cash": "38499.00",
    "campaign_tag": null,
    "warranty_duration_months": 24,
    "stock": 10
  }
},
{
  "model": "products.product",
  "pk": 78,
  "fields": {
    "name": "BM 4144 WF - Bulaşık Makineleri",
    "brand": "",
    "category": 8,
    "description": "4 + 3 program, ekonomik programlı, bulaşık makinesi, beyaz,HOMEWHIZ, Hijyen Max,13 kişilik, 60-60-85 cm, D",
    "price": "19499.00",
    "image": "https://www.beko.com.tr/media/resize/7632810277_MDM2_LOW_1.png/1000Wx1000H/image.webp",
    "model_code": "BM 4144 WF",
    "warranty_code": "2BM9",
    "price_list": "20525.00",
    "price_cash": "19499.00",
    "campaign_tag": "WEB ÖZEL",
    "warranty_duration_months": 24,
    "stock": 10
  }
},
{
  "model": "products.product",
  "pk": 79,
  "fields": {
    "name": "BM 4144 OK I - Bulaşık Makineleri",
    "brand": "",
    "category": 8,
    "description": "4 program, ekonomik programlı, bulaşık makinesi, inox, Hijyen Max,14 kişilik, 60-60-85 cm, D",
    "price": "22499.00",
    "image": "https://www.beko.com.tr/media/resize/7630810277_MDM2_LOW_1.png/1000Wx1000H/image.webp",
    "model_code": "BM 4144 OK I",
    "warranty_code": "2BM2",
    "price_list": "23685.00",
    "price_cash": "22499.00",
    "campaign_tag": null,
    "warranty_duration_months": 24,
    "stock": 10
  }
},
{
  "model": "products.product",
  "pk": 80,
  "fields": {
    "name": "BM 6146 - Bulaşık Makineleri",
    "brand": "",
    "category": 8,
    "description": "6 program, ekonomik programlı, bulaşık makinesi, beyaz, Hijyen Max,14 kişilik, 60-60-85 cm, C",
    "price": "20499.00",
    "image": "",
    "model_code": "BM 6146",
    "warranty_code": "2BM10",
    "price_list": "21580.00",
    "price_cash": "20499.00",
    "campaign_tag": null,
    "warranty_duration_months": 24,
    "stock": 10
  }
},
{
  "model": "products.product",
  "pk": 81,
  "fields": {
    "name": "BB 251 - Ankastre Bulaşık Makineleri",
    "brand": "",
    "category": 9,
    "description": "5 program, tam ankastre, ekonomik programlı bulaşık makinesi, hijyen max , 14 kişilik, 55-60-82 cm, D",
    "price": "26999.00",
    "image": "https://www.beko.com.tr/media/resize/7628310277_MDM2_LOW_1.png/1000Wx1000H/image.webp",
    "model_code": "BB 251",
    "warranty_code": "2BM11",
    "price_list": "28420.00",
    "price_cash": "26999.00",
    "campaign_tag": "Ankastre Set (Ocak-Fırın-Davlumbaz veya Aspiratörlü) ile birlikte alındığında 4000TL Ek İndirim U...",
    "warranty_duration_months": 24,
    "stock": 10
  }
},
{
  "model": "products.product",
  "pk": 82,
  "fields": {
    "name": "BBM 350 I - Ankastre Bulaşık Makineleri",
    "brand": "",
    "category": 9,
    "description": "5 program, yarı ankastre,inox,ekonomik programlı bulaşık makinesi, 13 kişilik, 57-60-82 cm, E",
    "price": "26999.00",
    "image": "https://www.beko.com.tr/media/resize/7674810277_MDM2_LOW_1.png/1000Wx1000H/image.webp",
    "model_code": "BBM 350 I",
    "warranty_code": null,
    "price_list": "28420.00",
    "price_cash": "26999.00",
    "campaign_tag": null,
    "warranty_duration_months": 24,
    "stock": 10
  }
},
{
  "model": "products.product",
  "pk": 83,
  "fields": {
    "name": "BBM 360 S - Ankastre Bulaşık Makineleri",
    "brand": "",
    "category": 9,
    "description": "6 program, yarı ankastre,siyah,ekonomik programlı bulaşık makinesi, 14 kişilik, 57-60-82 cm, E",
    "price": "26999.00",
    "image": "https://www.bekokibris.com/wp-content/uploads/2024/05/BBM360S.webp",
    "model_code": "BBM 360 S",
    "warranty_code": null,
    "price_list": "28420.00",
    "price_cash": "26999.00",
    "campaign_tag": null,
    "warranty_duration_months": 24,
    "stock": 10
  }
},
{
  "model": "products.product",
  "pk": 84,
  "fields": {
    "name": "BMA 6340 I - Ankastre Bulaşık Makineleri",
    "brand": "",
    "category": 9,
    "description": "6 program, tam ankastre,ekonomik programlı bulaşık makinesi, inıx,14 kişilik,57-60-82 cm, E",
    "price": "30999.00",
    "image": "https://www.beko.com.tr/media/resize/7607010277_MDM2_LOW_1.png/265Wx265H/image.png",
    "model_code": "BMA 6340 I",
    "warranty_code": "2BM12",
    "price_list": "32635.00",
    "price_cash": "30999.00",
    "campaign_tag": null,
    "warranty_duration_months": 24,
    "stock": 10
  }
},
{
  "model": "products.product",
  "pk": 85,
  "fields": {
    "name": "BMA 6340 BC - Ankastre Bulaşık Makineleri",
    "brand": "",
    "category": 9,
    "description": "6 program, tam ankastre,ekonomik programlı bulaşık makinesi, beyaz cam,Prosmart Inverter,14 kişilik,57-60-82 cm, E",
    "price": "33999.00",
    "image": "https://www.beko.com.tr/media/resize/7608810277_MDM2_LOW_1.png/265Wx265H/image.png",
    "model_code": "BMA 6340 BC",
    "warranty_code": "2BM13",
    "price_list": "35790.00",
    "price_cash": "33999.00",
    "campaign_tag": null,
    "warranty_duration_months": 24,
    "stock": 10
  }
},
{
  "model": "products.product",
  "pk": 86,
  "fields": {
    "name": "BBC 160 S - Ankastre Bulaşık Makineleri",
    "brand": "",
    "category": 9,
    "description": "6 program, tam ankastre,ekonomik programlı bulaşık makinesi, siyah cam,Prosmart Inverter,14 kişilik,57-60-82 cm, D",
    "price": "33999.00",
    "image": "https://www.beko.com.tr/media/resize/7672010277_MDM2_LOW_1.png/265Wx265H/image.png",
    "model_code": "BBC 160 S",
    "warranty_code": null,
    "price_list": "35790.00",
    "price_cash": "33999.00",
    "campaign_tag": null,
    "warranty_duration_months": 24,
    "stock": 10
  }
},
{
  "model": "products.product",
  "pk": 87,
  "fields": {
    "name": "BBC 181 B - Ankastre Bulaşık Makineleri",
    "brand": "",
    "category": 9,
    "description": "8 program,tam ankastre,ekonomik programlı bulaşık makinesi,beyaz cam,PROSMART INVERTER,DeepWash,CornerIntense,14 kişilik,57-60-82 cm, C",
    "price": "39999.00",
    "image": "https://www.beko.com.tr/media/resize/7673610277_MDM2_LOW_1.png/1000Wx1000H/image.webp",
    "model_code": "BBC 181 B",
    "warranty_code": "2BM14",
    "price_list": "42105.00",
    "price_cash": "39999.00",
    "campaign_tag": null,
    "warranty_duration_months": 24,
    "stock": 10
  }
},
{
  "model": "products.product",
  "pk": 88,
  "fields": {
    "name": "BOMDD 6110 EB - Ankastre Ocaklar",
    "brand": "",
    "category": 10,
    "description": "4 göz gaz, yandan kontrol, otomatik ateşlemeli, beyaz, 60 cm",
    "price": "11499.00",
    "image": "https://www.beko.com.tr/media/resize/7778720225_LO1_20200818_145712.png/1000Wx1000H/image.webp",
    "model_code": "BOMDD 6110 EB",
    "warranty_code": "2OC1",
    "price_list": "12105.00",
    "price_cash": "11499.00",
    "campaign_tag": "2000TL EK İNDİRİM UYGULANACAK",
    "warranty_duration_months": 24,
    "stock": 10
  }
},
{
  "model": "products.product",
  "pk": 89,
  "fields": {
    "name": "BOMDD 6110 ES - Ankastre Ocaklar",
    "brand": "",
    "category": 10,
    "description": "4 göz gaz, yandan kontrol, otomatik ateşlemeli, siyah, 60 cm",
    "price": "11499.00",
    "image": "https://www.beko.com.tr/media/resize/7778720227_MDM2_LOW_1.png/1000Wx1000H/image.webp",
    "model_code": "BOMDD 6110 ES",
    "warranty_code": null,
    "price_list": "12105.00",
    "price_cash": "11499.00",
    "campaign_tag": null,
    "warranty_duration_months": 24,
    "stock": 10
  }
},
{
  "model": "products.product",
  "pk": 90,
  "fields": {
    "name": "BOMLD 6111 EI - Ankastre Ocaklar",
    "brand": "",
    "category": 10,
    "description": "4 göz gaz, yandan kontrol, otomatik ateşlemeli, inox, 60 cm",
    "price": "12499.00",
    "image": "https://www.beko.com.tr/media/resize/7778720221_LO1_20210531_133651.png/265Wx265H/image.png",
    "model_code": "BOMLD 6111 EI",
    "warranty_code": "2OC2",
    "price_list": "13160.00",
    "price_cash": "12499.00",
    "campaign_tag": null,
    "warranty_duration_months": 24,
    "stock": 10
  }
},
{
  "model": "products.product",
  "pk": 91,
  "fields": {
    "name": "BOCD T 6510 EB - Ankastre Ocaklar",
    "brand": "",
    "category": 10,
    "description": "4 göz gaz, yandan kontrol, otomatik ateşlemeli, beyaz cam tablalı, çerçevesiz, 65 cm",
    "price": "14999.00",
    "image": "https://www.beko.com.tr/media/resize/7778220252_LO1_20200614_220051.png/1000Wx1000H/image.webp",
    "model_code": "BOCD T 6510 EB",
    "warranty_code": "2OC3",
    "price_list": "15790.00",
    "price_cash": "14999.00",
    "campaign_tag": null,
    "warranty_duration_months": 24,
    "stock": 10
  }
},
{
  "model": "products.product",
  "pk": 92,
  "fields": {
    "name": "BOCD T 6510 ES / BOCL T 6510 ES - Ankastre Ocaklar",
    "brand": "",
    "category": 10,
    "description": "4 göz gaz, yandan kontrol, otomatik ateşlemeli, siyah cam tablalı, çerçevesiz, 65 cm",
    "price": "14999.00",
    "image": "",
    "model_code": "BOCD T 6510 ES / BOCL T 6510 ES",
    "warranty_code": null,
    "price_list": "15790.00",
    "price_cash": "14999.00",
    "campaign_tag": null,
    "warranty_duration_months": 24,
    "stock": 10
  }
},
{
  "model": "products.product",
  "pk": 93,
  "fields": {
    "name": "BOCD D 6512 EKB - Ankastre Ocaklar",
    "brand": "",
    "category": 10,
    "description": "4 göz gaz, yandan kontrol, otomatik ateşlemeli, beyaz cam tablalı, çerçevesiz, 65 cm, AYARLI BUTON",
    "price": "14999.00",
    "image": "",
    "model_code": "BOCD D 6512 EKB",
    "warranty_code": null,
    "price_list": "15790.00",
    "price_cash": "14999.00",
    "campaign_tag": null,
    "warranty_duration_months": 24,
    "stock": 10
  }
},
{
  "model": "products.product",
  "pk": 94,
  "fields": {
    "name": "BOCD D 6512 EKS - Ankastre Ocaklar",
    "brand": "",
    "category": 10,
    "description": "4 göz gaz, yandan kontrol, otomatik ateşlemeli, siyah cam tablalı, çerçevesiz, 65 cm, AYARLI BUTON",
    "price": "14999.00",
    "image": "https://www.bekokibris.com/wp-content/uploads/2020/11/BOCD-D-6510-EKS.jpg",
    "model_code": "BOCD D 6512 EKS",
    "warranty_code": null,
    "price_list": "15790.00",
    "price_cash": "14999.00",
    "campaign_tag": null,
    "warranty_duration_months": 24,
    "stock": 10
  }
},
{
  "model": "products.product",
  "pk": 95,
  "fields": {
    "name": "BOCD K 6510 EWB - Ankastre Ocaklar",
    "brand": "",
    "category": 10,
    "description": "3 göz gaz + 1 göz wok, yandan kontrol, otomatik ateşlemeli, BEYAZ cam tablalı, 65 cm",
    "price": "19999.00",
    "image": "https://www.beko.com.tr/media/resize/7778220274_LO1_20210212_211006.png/1000Wx1000H/image.webp",
    "model_code": "BOCD K 6510 EWB",
    "warranty_code": "2OC4",
    "price_list": "21055.00",
    "price_cash": "19999.00",
    "campaign_tag": null,
    "warranty_duration_months": 24,
    "stock": 10
  }
},
{
  "model": "products.product",
  "pk": 96,
  "fields": {
    "name": "BOCD K 6510 EWS - Ankastre Ocaklar",
    "brand": "",
    "category": 10,
    "description": "3 göz gaz + 1 göz wok, yandan kontrol, otomatik ateşlemeli, SİYAH cam tablalı, 65 cm",
    "price": "19999.00",
    "image": "https://www.beko.com.tr/media/resize/7778220276_LO1_20210215_083619.png/1000Wx1000H/image.webp",
    "model_code": "BOCD K 6510 EWS",
    "warranty_code": null,
    "price_list": "21055.00",
    "price_cash": "19999.00",
    "campaign_tag": null,
    "warranty_duration_months": 24,
    "stock": 10
  }
},
{
  "model": "products.product",
  "pk": 97,
  "fields": {
    "name": "BOCD K 7520 DWB - Ankastre Ocaklar",
    "brand": "",
    "category": 10,
    "description": "4 göz gaz + 1 göz wok, önden kontrol, otomatik ateşlemeli,beyaz cam tablalı, çercevesiz,75 cm",
    "price": "28999.00",
    "image": "https://www.beko.com.tr/media/resize/7763680202_LO1_20240116_123509.png/1000Wx1000H/image.webp",
    "model_code": "BOCD K 7520 DWB",
    "warranty_code": "2OC5",
    "price_list": "30530.00",
    "price_cash": "28999.00",
    "campaign_tag": null,
    "warranty_duration_months": 24,
    "stock": 10
  }
},
{
  "model": "products.product",
  "pk": 98,
  "fields": {
    "name": "BOCD K 7520 DWS - Ankastre Ocaklar",
    "brand": "",
    "category": 10,
    "description": "4 göz gaz + 1 göz wok, önden kontrol, otomatik ateşlemeli,siyah cam tablalı, çercevesiz,75 cm",
    "price": "28999.00",
    "image": "https://www.beko.com.tr/media/resize/7763680201_LO1_20240115_122112.png/1000Wx1000H/image.webp",
    "model_code": "BOCD K 7520 DWS",
    "warranty_code": null,
    "price_list": "30530.00",
    "price_cash": "28999.00",
    "campaign_tag": null,
    "warranty_duration_months": 24,
    "stock": 10
  }
},
{
  "model": "products.product",
  "pk": 99,
  "fields": {
    "name": "BOCD T 7521 DWKB - Ankastre Ocaklar",
    "brand": "",
    "category": 10,
    "description": "4 göz gaz + 1 göz wok, önden kontrol, otomatik ateşlemeli,beyaz cam tablalı, çercevesiz,AYARLI BUTON,75 cm",
    "price": "28999.00",
    "image": "https://cdn.akakce.com/z/beko/beko-bocd-t-7521-dwkb-wok-gozlu-beyaz-cam-ankastre.jpg",
    "model_code": "BOCD T 7521 DWKB",
    "warranty_code": null,
    "price_list": "30530.00",
    "price_cash": "28999.00",
    "campaign_tag": null,
    "warranty_duration_months": 24,
    "stock": 10
  }
},
{
  "model": "products.product",
  "pk": 100,
  "fields": {
    "name": "BOCD T 7521 DWKS - Ankastre Ocaklar",
    "brand": "",
    "category": 10,
    "description": "4 göz gaz + 1 göz wok, önden kontrol, otomatik ateşlemeli,siyah cam tablalı, çercevesiz,AYARLI BUTON,75 cm",
    "price": "28999.00",
    "image": "",
    "model_code": "BOCD T 7521 DWKS",
    "warranty_code": null,
    "price_list": "30530.00",
    "price_cash": "28999.00",
    "campaign_tag": null,
    "warranty_duration_months": 24,
    "stock": 10
  }
},
{
  "model": "products.product",
  "pk": 101,
  "fields": {
    "name": "BOCD D 9020 DWS - Ankastre Ocaklar",
    "brand": "",
    "category": 10,
    "description": "4 göz gaz, 1 göz wok, önden ateşleme,siyah cam, 90 cm",
    "price": "29999.00",
    "image": "https://www.beko.com.tr/media/resize/8770761200_LO1_20231229_102404.png/1000Wx1000H/image.webp",
    "model_code": "BOCD D 9020 DWS",
    "warranty_code": "2OC6",
    "price_list": "31580.00",
    "price_cash": "29999.00",
    "campaign_tag": null,
    "warranty_duration_months": 24,
    "stock": 10
  }
},
{
  "model": "products.product",
  "pk": 102,
  "fields": {
    "name": "AOV 64400 S - Ankastre Ocaklar",
    "brand": "",
    "category": 10,
    "description": "4 göz elektrik, vitroseramik, siyah cam, dokunmatik, 60cm",
    "price": "14999.00",
    "image": "https://www.beko.com.tr/medias/tr-TR-7770420213-20200515144383-Installation-Diagramtr-TR.jpg",
    "model_code": "AOV 64400 S",
    "warranty_code": "2OC3",
    "price_list": "15790.00",
    "price_cash": "14999.00",
    "campaign_tag": null,
    "warranty_duration_months": 24,
    "stock": 10
  }
},
{
  "model": "products.product",
  "pk": 103,
  "fields": {
    "name": "AOV 64400 B - Ankastre Ocaklar",
    "brand": "",
    "category": 10,
    "description": "4 göz elektrik, vitroseramik, beyaz cam, dokunmatik, 60cm",
    "price": "28999.00",
    "image": "https://www.beko.com.tr/media/resize/7770420214_MDM2_LOW_1.png/1000Wx1000H/image.webp",
    "model_code": "AOV 64400 B",
    "warranty_code": "2OC5",
    "price_list": "30530.00",
    "price_cash": "28999.00",
    "campaign_tag": null,
    "warranty_duration_months": 24,
    "stock": 10
  }
},
{
  "model": "products.product",
  "pk": 104,
  "fields": {
    "name": "AOV 85500 XS - Ankastre Ocaklar",
    "brand": "",
    "category": 10,
    "description": "4 göz elektrik, vitroseramik, siyah cam dokunmatik ocak, 80 cm",
    "price": "25999.00",
    "image": "https://cdn.akakce.com/beko/beko-aov-85500-xs-elektrikli-siyah-vitroseramik-z.jpg",
    "model_code": "AOV 85500 XS",
    "warranty_code": "2OC7",
    "price_list": "27370.00",
    "price_cash": "25999.00",
    "campaign_tag": null,
    "warranty_duration_months": 24,
    "stock": 10
  }
},
{
  "model": "products.product",
  "pk": 105,
  "fields": {
    "name": "BOI 6022 S - Ankastre Ocaklar",
    "brand": "",
    "category": 10,
    "description": "4 göz elektrik, indiksiyon, siyah, dokunmatik , 60cm",
    "price": "20999.00",
    "image": "https://www.beko.com.tr/media/resize/7757180204_MDM2_LOW_1.png/265Wx265H/image.png",
    "model_code": "BOI 6022 S",
    "warranty_code": "2OC8",
    "price_list": "22105.00",
    "price_cash": "20999.00",
    "campaign_tag": null,
    "warranty_duration_months": 24,
    "stock": 10
  }
},
{
  "model": "products.product",
  "pk": 106,
  "fields": {
    "name": "BOI 6021 FS - Ankastre Ocaklar",
    "brand": "",
    "category": 10,
    "description": "8 zones with 2 flexizones + 1 extend zone, indiksiyon ,siyah, dokunmatik , 60cm",
    "price": "48999.00",
    "image": "",
    "model_code": "BOI 6021 FS",
    "warranty_code": "2OC9",
    "price_list": "51580.00",
    "price_cash": "48999.00",
    "campaign_tag": null,
    "warranty_duration_months": 24,
    "stock": 10
  }
},
{
  "model": "products.product",
  "pk": 107,
  "fields": {
    "name": "BDOI 602 S - Ankastre Ocaklar",
    "brand": "",
    "category": 10,
    "description": "4 gözlü indiksiyon , davlumbazlı, siyah cam, 60cm",
    "price": "71999.00",
    "image": "https://www.beko.com.tr/media/resize/7757180202_LO1_20221108_070918.png/265Wx265H/image.png",
    "model_code": "BDOI 602 S",
    "warranty_code": "2OC10",
    "price_list": "75790.00",
    "price_cash": "71999.00",
    "campaign_tag": null,
    "warranty_duration_months": 24,
    "stock": 10
  }
},
{
  "model": "products.product",
  "pk": 108,
  "fields": {
    "name": "BDOI 802 S - Ankastre Ocaklar",
    "brand": "",
    "category": 10,
    "description": "4 Induction with 2 Flexizone,davlumbazlı; siyah,82 cm",
    "price": "73999.00",
    "image": "https://www.beko.com.tr/media/resize/7757180203_LO1_20230419_101125.png/1000Wx1000H/image.webp",
    "model_code": "BDOI 802 S",
    "warranty_code": "2OC11",
    "price_list": "77895.00",
    "price_cash": "73999.00",
    "campaign_tag": null,
    "warranty_duration_months": 24,
    "stock": 10
  }
},
{
  "model": "products.product",
  "pk": 109,
  "fields": {
    "name": "BOCD T 6011 EHB - Ankastre Ocaklar",
    "brand": "",
    "category": 10,
    "description": "4 göz gaz, yandan otomatik ateşlemeli, beyaz cam, 60 cm",
    "price": "8499.00",
    "image": "https://www.beko.com.tr/media/resize/7778220286_LO1_20230313_080041.png/1000Wx1000H/image.webp",
    "model_code": "BOCD T 6011 EHB",
    "warranty_code": "2OC12",
    "price_list": "8950.00",
    "price_cash": "8499.00",
    "campaign_tag": "WEB ÖZEL",
    "warranty_duration_months": 24,
    "stock": 10
  }
},
{
  "model": "products.product",
  "pk": 110,
  "fields": {
    "name": "BOCD T 6011 ES - Ankastre Ocaklar",
    "brand": "",
    "category": 10,
    "description": "4 göz gaz, siyah cam, 60 cm, yandan otomatik ateşlemeli, ankastre ocak",
    "price": "8499.00",
    "image": "https://www.beko.com.tr/media/resize/7778220285_LO1_20221021_153359.png/1000Wx1000H/image.webp",
    "model_code": "BOCD T 6011 ES",
    "warranty_code": null,
    "price_list": "8950.00",
    "price_cash": "8499.00",
    "campaign_tag": null,
    "warranty_duration_months": 24,
    "stock": 10
  }
},
{
  "model": "products.product",
  "pk": 111,
  "fields": {
    "name": "MOC 201102 W - Tezgah Üzeri Solo Mikrodalgalar",
    "brand": "",
    "category": 11,
    "description": "Mikrodalga fırın, 20 lt, Beyaz, 700 W, elektronik",
    "price": "4999.00",
    "image": "https://www.bekokibris.com/wp-content/uploads/2022/09/201102W.jpg",
    "model_code": "MOC 201102 W",
    "warranty_code": null,
    "price_list": "5265.00",
    "price_cash": "4999.00",
    "campaign_tag": "ÖZEL FİYATLI ÜRÜN",
    "warranty_duration_months": 24,
    "stock": 10
  }
},
{
  "model": "products.product",
  "pk": 112,
  "fields": {
    "name": "BMD 200 S - Tezgah Üzeri Solo Mikrodalgalar",
    "brand": "",
    "category": 11,
    "description": "Mikrodalga fırın, 20 lt, Siyah, 700 W",
    "price": "4999.00",
    "image": "https://www.beko.com.tr/media/resize/8911151200_LO1_20220720_144135.png/265Wx265H/image.png",
    "model_code": "BMD 200 S",
    "warranty_code": null,
    "price_list": "5265.00",
    "price_cash": "4999.00",
    "campaign_tag": null,
    "warranty_duration_months": 24,
    "stock": 10
  }
},
{
  "model": "products.product",
  "pk": 113,
  "fields": {
    "name": "BMD 200 G - Tezgah Üzeri Solo Mikrodalgalar",
    "brand": "",
    "category": 11,
    "description": "Mikrodalga fırın, 20 lt, Silver, 700 W",
    "price": "4999.00",
    "image": "https://www.beko.com.tr/media/resize/9206331200_LO1_20221025_163401.png/1000Wx1000H/image.webp",
    "model_code": "BMD 200 G",
    "warranty_code": null,
    "price_list": "5265.00",
    "price_cash": "4999.00",
    "campaign_tag": null,
    "warranty_duration_months": 24,
    "stock": 10
  }
},
{
  "model": "products.product",
  "pk": 114,
  "fields": {
    "name": "BMD 211 DS - Tezgah Üzeri Solo Mikrodalgalar",
    "brand": "",
    "category": 11,
    "description": "Mikrodalga fırın, 20lt, siyah kapak siyah panel , pişirme özellikliİ 1100 W",
    "price": "5999.00",
    "image": "https://www.beko.com.tr/media/resize/9205081200_LO1_20220509_121705.png/1000Wx1000H/image.webp",
    "model_code": "BMD 211 DS",
    "warranty_code": null,
    "price_list": "6315.00",
    "price_cash": "5999.00",
    "campaign_tag": null,
    "warranty_duration_months": 24,
    "stock": 10
  }
},
{
  "model": "products.product",
  "pk": 115,
  "fields": {
    "name": "BMD 211 DG - Tezgah Üzeri Solo Mikrodalgalar",
    "brand": "",
    "category": 11,
    "description": "Mikrodalga fırın, 20lt, siyah kapak siyah silver panel , pişirme özellikliİ 1100 W",
    "price": "5999.00",
    "image": "https://www.beko.com.tr/media/resize/9205091200_LO1_20220509_121159.png/1000Wx1000H/image.webp",
    "model_code": "BMD 211 DG",
    "warranty_code": null,
    "price_list": "6315.00",
    "price_cash": "5999.00",
    "campaign_tag": null,
    "warranty_duration_months": 24,
    "stock": 10
  }
},
{
  "model": "products.product",
  "pk": 116,
  "fields": {
    "name": "BMM 2020 I / BMMK 2020 I KIT - Ankastre Mikrodalgalar",
    "brand": "",
    "category": 12,
    "description": "Ankastre Mikrodalga fırın,1200W; 25lt, INOX, digital, 38-47-28 cm",
    "price": "16999.00",
    "image": "https://www.bekokibris.com/wp-content/uploads/2024/05/BMM2020K%C4%B0TL%C4%B0.jpg",
    "model_code": "BMM 2020 I / BMMK 2020 I KIT",
    "warranty_code": null,
    "price_list": "17895.00",
    "price_cash": "16999.00",
    "campaign_tag": "Ankastre Set (Ocak-Fırın-Davlumbaz veya Aspiratörlü) ile birlikte alındığında 3000TL ek İndirim U...",
    "warranty_duration_months": 24,
    "stock": 10
  }
},
{
  "model": "products.product",
  "pk": 117,
  "fields": {
    "name": "BMC 2520 B - Ankastre Mikrodalgalar",
    "brand": "",
    "category": 12,
    "description": "Ankastre Mikrodalga fırın, 25lt, beyaz cam, digital",
    "price": "19999.00",
    "image": "https://www.beko.com.tr/media/resize/8897391200_MDM2_LOW_1.png/1000Wx1000H/image.webp",
    "model_code": "BMC 2520 B",
    "warranty_code": null,
    "price_list": "21055.00",
    "price_cash": "19999.00",
    "campaign_tag": null,
    "warranty_duration_months": 24,
    "stock": 10
  }
},
{
  "model": "products.product",
  "pk": 118,
  "fields": {
    "name": "BMC 2520 S - Ankastre Mikrodalgalar",
    "brand": "",
    "category": 12,
    "description": "Ankastre Mikrodalga fırın, 25lt, siyah cam, digital",
    "price": "19999.00",
    "image": "https://www.beko.com.tr/media/resize/8899801200_LO1_20210420_185703.png/265Wx265H/image.png",
    "model_code": "BMC 2520 S",
    "warranty_code": null,
    "price_list": "21055.00",
    "price_cash": "19999.00",
    "campaign_tag": null,
    "warranty_duration_months": 24,
    "stock": 10
  }
},
{
  "model": "products.product",
  "pk": 119,
  "fields": {
    "name": "BFE 400-1 B - Solo Fırınlar",
    "brand": "",
    "category": 13,
    "description": "60 cm, Turbo fırın, 4 göz gaz,  beyaz, 62-60-86 cm",
    "price": "21999.00",
    "image": "https://www.beko.com.tr/media/resize/7785820602_LO1_20231227_111857.png/1000Wx1000H/image.webp",
    "model_code": "BFE 400-1 B",
    "warranty_code": "2SF1",
    "price_list": "23160.00",
    "price_cash": "21999.00",
    "campaign_tag": "ÖZEL FİYATLI ÜRÜN",
    "warranty_duration_months": 24,
    "stock": 10
  }
},
{
  "model": "products.product",
  "pk": 120,
  "fields": {
    "name": "BFM 310 B - Ankastre Fırınlar",
    "brand": "",
    "category": 14,
    "description": "Multifonksiyon, 6 fonksiyon, turbo fan, beyaz, 72lt , AeroPerfect, A",
    "price": "13999.00",
    "image": "https://www.beko.com.tr/media/resize/7779420221_LO1_20230516_111525.png/265Wx265H/image.png",
    "model_code": "BFM 310 B",
    "warranty_code": "2FRN1",
    "price_list": "14740.00",
    "price_cash": "13999.00",
    "campaign_tag": "2000TL EK İNDİRİM UYGULANACAK",
    "warranty_duration_months": 24,
    "stock": 10
  }
},
{
  "model": "products.product",
  "pk": 121,
  "fields": {
    "name": "BFM 310 S - Ankastre Fırınlar",
    "brand": "",
    "category": 14,
    "description": "Multifonksiyon, 6 fonksiyon, turbo fan, siyah, 72lt , AeroPerfect, A",
    "price": "15999.00",
    "image": "https://www.beko.com.tr/media/resize/7779420226_MDM2_LOW_1.png/265Wx265H/image.png",
    "model_code": "BFM 310 S",
    "warranty_code": "2FRN2",
    "price_list": "16845.00",
    "price_cash": "15999.00",
    "campaign_tag": null,
    "warranty_duration_months": 24,
    "stock": 10
  }
},
{
  "model": "products.product",
  "pk": 122,
  "fields": {
    "name": "BFM 310 I - Ankastre Fırınlar",
    "brand": "",
    "category": 14,
    "description": "Multifonksiyon, 6 fonksiyon, turbo fan, inox, 72lt , AeroPerfect, A",
    "price": "18999.00",
    "image": "https://www.beko.com.tr/media/resize/7779420225_MDM2_LOW_1.png/265Wx265H/image.png",
    "model_code": "BFM 310 I",
    "warranty_code": "2FRN3",
    "price_list": "20000.00",
    "price_cash": "18999.00",
    "campaign_tag": null,
    "warranty_duration_months": 24,
    "stock": 10
  }
},
{
  "model": "products.product",
  "pk": 123,
  "fields": {
    "name": "BFC 330 S - Ankastre Fırınlar",
    "brand": "",
    "category": 14,
    "description": "Multifonksiyon, 6 fonksiyon, turbo fan, siyah cam, 72lt , AeroPerfect, A",
    "price": "21999.00",
    "image": "https://www.beko.com.tr/media/resize/7768270191_LO1_20210505_103429.png/1000Wx1000H/image.webp",
    "model_code": "BFC 330 S",
    "warranty_code": "2FRN4",
    "price_list": "23160.00",
    "price_cash": "21999.00",
    "campaign_tag": "3000TL EK İNDİRİM UYGULANACAK",
    "warranty_duration_months": 24,
    "stock": 10
  }
},
{
  "model": "products.product",
  "pk": 124,
  "fields": {
    "name": "BFC 330 B - Ankastre Fırınlar",
    "brand": "",
    "category": 14,
    "description": "Multifonksiyon, 6 fonksiyon, turbo fan, beyaz cam, 72lt , AeroPerfect, A",
    "price": "22999.00",
    "image": "https://www.beko.com.tr/media/resize/7768270184_LO1_20220411_173943.png/1000Wx1000H/image.webp",
    "model_code": "BFC 330 B",
    "warranty_code": "2FRN5",
    "price_list": "24210.00",
    "price_cash": "22999.00",
    "campaign_tag": null,
    "warranty_duration_months": 24,
    "stock": 10
  }
},
{
  "model": "products.product",
  "pk": 125,
  "fields": {
    "name": "BFC 430 S - Ankastre Fırınlar",
    "brand": "",
    "category": 14,
    "description": "Multifonksiyon, BUHAR DESTEKLİ PİŞİRME VE TEMİZLEME, 8 fonksiyon, 3D turbo fan, siyah cam,72lt, AeroPerfect, A",
    "price": "20999.00",
    "image": "https://www.beko.com.tr/media/resize/7779420216_LO1_20230516_124945.png/265Wx265H/image.png",
    "model_code": "BFC 430 S",
    "warranty_code": "2FRN6",
    "price_list": "22105.00",
    "price_cash": "20999.00",
    "campaign_tag": null,
    "warranty_duration_months": 24,
    "stock": 10
  }
},
{
  "model": "products.product",
  "pk": 126,
  "fields": {
    "name": "BFC 430 B - Ankastre Fırınlar",
    "brand": "",
    "category": 14,
    "description": "Multifonksiyon, BUHAR DESTEKLİ PİŞİRME VE TEMİZLEME, 8 fonksiyon, 3D turbo fan, beyaz cam,72lt, AeroPerfect, A",
    "price": "21999.00",
    "image": "https://www.beko.com.tr/media/resize/7779420218_LO1_20230529_125022.png/265Wx265H/image.png",
    "model_code": "BFC 430 B",
    "warranty_code": "2FRN4",
    "price_list": "23160.00",
    "price_cash": "21999.00",
    "campaign_tag": null,
    "warranty_duration_months": 24,
    "stock": 10
  }
},
{
  "model": "products.product",
  "pk": 127,
  "fields": {
    "name": "BFC 631 B - Ankastre Fırınlar",
    "brand": "",
    "category": 14,
    "description": "Multifonksiyon, FitFry Buhar Destekli PİŞİRME VE TEMİZLEME, 9 fonksiyon, 3D turbo fan, katalitik yan duvarlar, beyaz cam,72lt, A+",
    "price": "31999.00",
    "image": "https://www.beko.com.tr/media/resize/7779420232_LO1_20230315_131350.png/1000Wx1000H/image.webp",
    "model_code": "BFC 631 B",
    "warranty_code": "2FRN7",
    "price_list": "33685.00",
    "price_cash": "31999.00",
    "campaign_tag": null,
    "warranty_duration_months": 24,
    "stock": 10
  }
},
{
  "model": "products.product",
  "pk": 128,
  "fields": {
    "name": "BFC 631 S - Ankastre Fırınlar",
    "brand": "",
    "category": 14,
    "description": "Multifonksiyon, FitFry Buhar Destekli PİŞİRME VE TEMİZLEME, 9 fonksiyon, 3D turbo fan, katalitik yan duvarlar, siyah cam,72lt, A+",
    "price": "31999.00",
    "image": "https://www.beko.com.tr/media/resize/7779420233_LO1_20230316_090116.png/265Wx265H/image.png",
    "model_code": "BFC 631 S",
    "warranty_code": null,
    "price_list": "33685.00",
    "price_cash": "31999.00",
    "campaign_tag": null,
    "warranty_duration_months": 24,
    "stock": 10
  }
},
{
  "model": "products.product",
  "pk": 129,
  "fields": {
    "name": "BFC 741 B - Ankastre Fırınlar",
    "brand": "",
    "category": 14,
    "description": "Auto Bake Teknolojisi,Et Probu,Buhar Destekli Pişirme,FitFry,AeroPerfect,Homewhiz,3D pişirme,PizzaPro,72lt,katalitik yan duvarlar,A++.beyaz",
    "price": "61999.00",
    "image": "https://www.beko.com.tr/media/resize/7779320233_LO1_20230322_103304.png/265Wx265H/image.png",
    "model_code": "BFC 741 B",
    "warranty_code": "2FRN8",
    "price_list": "65265.00",
    "price_cash": "61999.00",
    "campaign_tag": null,
    "warranty_duration_months": 24,
    "stock": 10
  }
},
{
  "model": "products.product",
  "pk": 130,
  "fields": {
    "name": "BFC 741 S - Ankastre Fırınlar",
    "brand": "",
    "category": 14,
    "description": "Auto Bake Teknolojisi,Et Probu,Buhar Destekli Pişirme,FitFry,AeroPerfect,Homewhiz,3D pişirme,PizzaPro,72lt,katalitik yan duvarlar,A++.siyah",
    "price": "61999.00",
    "image": "https://www.beko.com.tr/media/resize/7779320231_LO1_20230302_095938.png/265Wx265H/image.png",
    "model_code": "BFC 741 S",
    "warranty_code": null,
    "price_list": "65265.00",
    "price_cash": "61999.00",
    "campaign_tag": null,
    "warranty_duration_months": 24,
    "stock": 10
  }
},
{
  "model": "products.product",
  "pk": 131,
  "fields": {
    "name": "ADG 51310 I - Sürgülü + Gömme Aspiratörler",
    "brand": "",
    "category": 15,
    "description": "Inox gömme aspiratör, 50cm, 381 m3, D",
    "price": "11999.00",
    "image": "https://www.beko.com.tr/media/resize/8808861200_MDM2_LOW_1.png/1000Wx1000H/image.webp",
    "model_code": "ADG 51310 I",
    "warranty_code": "2ASP1",
    "price_list": "12635.00",
    "price_cash": "11999.00",
    "campaign_tag": "1000TL EK İNDİRİM UYGULANACAK",
    "warranty_duration_months": 24,
    "stock": 10
  }
},
{
  "model": "products.product",
  "pk": 132,
  "fields": {
    "name": "P 38 TB - Sürgülü + Gömme Aspiratörler",
    "brand": "",
    "category": 15,
    "description": "Beyaz sürgülü aspiratör, 60cm, 300 m3, C",
    "price": "8999.00",
    "image": "https://www.beko.com.tr/media/resize/9209871200_LO1_20230609_111551.png/1000Wx1000H/image.webp",
    "model_code": "P 38 TB",
    "warranty_code": "2ASP2",
    "price_list": "9475.00",
    "price_cash": "8999.00",
    "campaign_tag": null,
    "warranty_duration_months": 24,
    "stock": 10
  }
},
{
  "model": "products.product",
  "pk": 133,
  "fields": {
    "name": "P 38 TI - Sürgülü + Gömme Aspiratörler",
    "brand": "",
    "category": 15,
    "description": "Inox sürgülü aspiratör, 60cm, 300 m3, C",
    "price": "8999.00",
    "image": "https://www.beko.com.tr/media/resize/9209861200_LO1_20230608_090625.png/265Wx265H/image.png",
    "model_code": "P 38 TI",
    "warranty_code": null,
    "price_list": "9475.00",
    "price_cash": "8999.00",
    "campaign_tag": null,
    "warranty_duration_months": 24,
    "stock": 10
  }
},
{
  "model": "products.product",
  "pk": 134,
  "fields": {
    "name": "P 38 TS - Sürgülü + Gömme Aspiratörler",
    "brand": "",
    "category": 15,
    "description": "Siyah sürgülü aspiratör, 60cm, 300 m3, C",
    "price": "8999.00",
    "image": "https://www.beko.com.tr/media/resize/9209881200_LO1_20230612_082534.png/1000Wx1000H/image.webp",
    "model_code": "P 38 TS",
    "warranty_code": null,
    "price_list": "9475.00",
    "price_cash": "8999.00",
    "campaign_tag": null,
    "warranty_duration_months": 24,
    "stock": 10
  }
},
{
  "model": "products.product",
  "pk": 135,
  "fields": {
    "name": "ADP 61420 B - Davlumbazlar",
    "brand": "",
    "category": 16,
    "description": "Duvar tipi davlumbaz, beyaz, 60cm, 400 m3, D",
    "price": "13999.00",
    "image": "https://www.beko.com.tr/media/resize/8863361200_LO1_20180305_160521.png/1000Wx1000H/image.webp",
    "model_code": "ADP 61420 B",
    "warranty_code": "2DVB1",
    "price_list": "14740.00",
    "price_cash": "13999.00",
    "campaign_tag": "3000TL EK İNDİRİM UYGULANACAK",
    "warranty_duration_months": 24,
    "stock": 10
  }
},
{
  "model": "products.product",
  "pk": 136,
  "fields": {
    "name": "ADP 61420 S - Davlumbazlar",
    "brand": "",
    "category": 16,
    "description": "Duvar tipi davlumbaz, siyah, 60cm, 400 m3, D",
    "price": "13999.00",
    "image": "https://www.beko.com.tr/media/resize/8863381200_LO1_20180305_155430.png/1000Wx1000H/image.webp",
    "model_code": "ADP 61420 S",
    "warranty_code": null,
    "price_list": "14740.00",
    "price_cash": "13999.00",
    "campaign_tag": null,
    "warranty_duration_months": 24,
    "stock": 10
  }
},
{
  "model": "products.product",
  "pk": 137,
  "fields": {
    "name": "ADP 61420 I - Davlumbazlar",
    "brand": "",
    "category": 16,
    "description": "Duvar tipi davlumbaz, inox, 60cm, 400 m3, D",
    "price": "13999.00",
    "image": "https://www.beko.com.tr/media/resize/8863371200_LO1_20180315_093634.png/1000Wx1000H/image.webp",
    "model_code": "ADP 61420 I",
    "warranty_code": null,
    "price_list": "14740.00",
    "price_cash": "13999.00",
    "campaign_tag": null,
    "warranty_duration_months": 24,
    "stock": 10
  }
},
{
  "model": "products.product",
  "pk": 138,
  "fields": {
    "name": "BDE 6050 HB - Davlumbazlar",
    "brand": "",
    "category": 16,
    "description": "Duvar tipi 60 cm beyaz yatay cam ön yüzey, inox baca, 400 m3, B",
    "price": "14999.00",
    "image": "https://www.beko.com.tr/media/resize/7704330210_LO1_20230215_100627.png/1000Wx1000H/image.webp",
    "model_code": "BDE 6050 HB",
    "warranty_code": "2DVB2",
    "price_list": "15790.00",
    "price_cash": "14999.00",
    "campaign_tag": null,
    "warranty_duration_months": 24,
    "stock": 10
  }
},
{
  "model": "products.product",
  "pk": 139,
  "fields": {
    "name": "BDE 6050 S - Davlumbazlar",
    "brand": "",
    "category": 16,
    "description": "Duvar tipi 60 cm siyah yatay cam ön yüzey, siyah baca, 400 m3, B",
    "price": "14999.00",
    "image": "https://www.beko.com.tr/media/resize/7704331222_LO1_20230215_095539.png/1000Wx1000H/image.webp",
    "model_code": "BDE 6050 S",
    "warranty_code": null,
    "price_list": "15790.00",
    "price_cash": "14999.00",
    "campaign_tag": null,
    "warranty_duration_months": 24,
    "stock": 10
  }
},
{
  "model": "products.product",
  "pk": 140,
  "fields": {
    "name": "ADE 62540 B - Davlumbazlar",
    "brand": "",
    "category": 16,
    "description": "Duvar tipi 60 cm beyaz perdeli cam ön yüzey, inox baca, 575 m3, C",
    "price": "17999.00",
    "image": "https://www.beko.com.tr/media/resize/9205971200_MDM2_LOW_1.png/265Wx265H/image.png",
    "model_code": "ADE 62540 B",
    "warranty_code": "2DVB3",
    "price_list": "18950.00",
    "price_cash": "17999.00",
    "campaign_tag": null,
    "warranty_duration_months": 24,
    "stock": 10
  }
},
{
  "model": "products.product",
  "pk": 141,
  "fields": {
    "name": "BDE 6053 S - Davlumbazlar",
    "brand": "",
    "category": 16,
    "description": "Duvar tipi 60 cm siyah perdeli cam ön yüzey, siyah baca, 575 m3, C",
    "price": "17999.00",
    "image": "https://www.beko.com.tr/media/resize/7704330224_MDM2_LOW_1.png/1000Wx1000H/image.webp",
    "model_code": "BDE 6053 S",
    "warranty_code": null,
    "price_list": "18950.00",
    "price_cash": "17999.00",
    "campaign_tag": null,
    "warranty_duration_months": 24,
    "stock": 10
  }
},
{
  "model": "products.product",
  "pk": 142,
  "fields": {
    "name": "BDT 6062 S - Davlumbazlar",
    "brand": "",
    "category": 16,
    "description": "Duvar tipi 60 cm siyah cam ön yüzey, inox baca, 710 m3, NTC Sensör, A",
    "price": "20999.00",
    "image": "https://www.beko.com.tr/media/resize/7703330204_LO1_20211213_110522.png/1000Wx1000H/image.webp",
    "model_code": "BDT 6062 S",
    "warranty_code": "2DVB4",
    "price_list": "22105.00",
    "price_cash": "20999.00",
    "campaign_tag": null,
    "warranty_duration_months": 24,
    "stock": 10
  }
},
{
  "model": "products.product",
  "pk": 143,
  "fields": {
    "name": "BDE 6062 B - Davlumbazlar",
    "brand": "",
    "category": 16,
    "description": "Duvar tipi 60 cm beyaz yatay cam ön yüzey, inox baca, 720 m3 , NTC Sensör, A",
    "price": "18999.00",
    "image": "https://www.beko.com.tr/media/resize/7704331202_LO1_20210530_231309.png/1000Wx1000H/image.webp",
    "model_code": "BDE 6062 B",
    "warranty_code": "2DVB5",
    "price_list": "20000.00",
    "price_cash": "18999.00",
    "campaign_tag": null,
    "warranty_duration_months": 24,
    "stock": 10
  }
},
{
  "model": "products.product",
  "pk": 144,
  "fields": {
    "name": "BDE 6062 S - Davlumbazlar",
    "brand": "",
    "category": 16,
    "description": "Duvar tipi 60 cm siyah  yatay cam ön yüzey, inox baca, 720 m3 , NTC Sensör, A",
    "price": "18999.00",
    "image": "https://www.beko.com.tr/media/resize/7704331203_LO1_20210530_232017.png/1000Wx1000H/image.webp",
    "model_code": "BDE 6062 S",
    "warranty_code": null,
    "price_list": "20000.00",
    "price_cash": "18999.00",
    "campaign_tag": null,
    "warranty_duration_months": 24,
    "stock": 10
  }
},
{
  "model": "products.product",
  "pk": 145,
  "fields": {
    "name": "BDE 6062 I - Davlumbazlar",
    "brand": "",
    "category": 16,
    "description": "Duvar tipi 60 cm inox, yatay , NTC, 720m3, A",
    "price": "18999.00",
    "image": "https://www.beko.com.tr/media/resize/7704330208_LO1_20231214_140510.png/1000Wx1000H/image.webp",
    "model_code": "BDE 6062 I",
    "warranty_code": null,
    "price_list": "20000.00",
    "price_cash": "18999.00",
    "campaign_tag": null,
    "warranty_duration_months": 24,
    "stock": 10
  }
},
{
  "model": "products.product",
  "pk": 146,
  "fields": {
    "name": "BDE 6072 B - Davlumbazlar",
    "brand": "",
    "category": 16,
    "description": "Duvar tipi 60 cm beyaz  yatay cam ön yüzey,inox baca,850 m3 ,NTC & VOC Sensors,Prosmart Inverter,HomeWhiz,A++",
    "price": "36999.00",
    "image": "https://www.beko.com.tr/media/resize/7704330206_LO1_20220929_125948.png/265Wx265H/image.png",
    "model_code": "BDE 6072 B",
    "warranty_code": "2DVB6",
    "price_list": "38950.00",
    "price_cash": "36999.00",
    "campaign_tag": null,
    "warranty_duration_months": 24,
    "stock": 10
  }
},
{
  "model": "products.product",
  "pk": 147,
  "fields": {
    "name": "BDE 6072 S - Davlumbazlar",
    "brand": "",
    "category": 16,
    "description": "Duvar tipi 60 cm siyah  yatay cam ön yüzey,inox baca, 850 m3 ,NTC & VOC Sensors,Prosmart Inverter,HomeWhiz,A++",
    "price": "36999.00",
    "image": "https://www.beko.com.tr/media/resize/7704331214_LO1_20220929_125645.png/1000Wx1000H/image.webp",
    "model_code": "BDE 6072 S",
    "warranty_code": null,
    "price_list": "38950.00",
    "price_cash": "36999.00",
    "campaign_tag": null,
    "warranty_duration_months": 24,
    "stock": 10
  }
},
{
  "model": "products.product",
  "pk": 148,
  "fields": {
    "name": "BDA 9085 S - Davlumbazlar",
    "brand": "",
    "category": 16,
    "description": "90 cm, Ada Tipi Davlumbaz, 830 m3,Prosmart Inverter,HomeWhiz,A+,NTC & VOC Sensors",
    "price": "61999.00",
    "image": "https://www.bekokibris.com/wp-content/uploads/2021/03/BDA9085S.webp",
    "model_code": "BDA 9085 S",
    "warranty_code": "2DVB7",
    "price_list": "65265.00",
    "price_cash": "61999.00",
    "campaign_tag": null,
    "warranty_duration_months": 24,
    "stock": 10
  }
},
{
  "model": "products.product",
  "pk": 149,
  "fields": {
    "name": "ADV 9910 I - Davlumbazlar",
    "brand": "",
    "category": 16,
    "description": "Duvar tipi inox, siyah dekorlu, dokunmatik, 90 cm, 755 m3",
    "price": "2999.00",
    "image": "",
    "model_code": "ADV 9910 I",
    "warranty_code": null,
    "price_list": "3160.00",
    "price_cash": "2999.00",
    "campaign_tag": "BEKONOMİK FIRSAT NAKİT",
    "warranty_duration_months": 24,
    "stock": 10
  }
},
{
  "model": "products.product",
  "pk": 150,
  "fields": {
    "name": "BKK 1151 - Gıda Hazırlama",
    "brand": "",
    "category": 17,
    "description": "Mikser, 425W, turbo, 4 kademe , beyaz",
    "price": "2499.00",
    "image": "https://www.beko.com.tr/media/resize/8835031200_LO1_20221102_153328.png/1000Wx1000H/image.webp",
    "model_code": "BKK 1151",
    "warranty_code": null,
    "price_list": "2630.00",
    "price_cash": "2499.00",
    "campaign_tag": "ÖZEL FİYATLI ÜRÜN",
    "warranty_duration_months": 24,
    "stock": 10
  }
},
{
  "model": "products.product",
  "pk": 151,
  "fields": {
    "name": "MK 8150 I / HMM 81504 BX - Gıda Hazırlama",
    "brand": "",
    "category": 17,
    "description": "Mikser, 500 W, turbo, hız kademeli , inox,  starligt",
    "price": "2999.00",
    "image": "https://www.bekokibris.com/wp-content/uploads/2022/07/HMM81504BX.jpg",
    "model_code": "MK 8150 I / HMM 81504 BX",
    "warranty_code": null,
    "price_list": "3160.00",
    "price_cash": "2999.00",
    "campaign_tag": null,
    "warranty_duration_months": 24,
    "stock": 10
  }
},
{
  "model": "products.product",
  "pk": 152,
  "fields": {
    "name": "CHP 62522 W / BKK 1162 - Gıda Hazırlama",
    "brand": "",
    "category": 17,
    "description": "Doğrayıcı, 500w, çift bıçak, TEK kademe, 500 ml plastik hazne, beyaz",
    "price": "2999.00",
    "image": "https://www.bekokibris.com/wp-content/uploads/2020/04/BKK1162.webp",
    "model_code": "CHP 62522 W / BKK 1162",
    "warranty_code": null,
    "price_list": "3160.00",
    "price_cash": "2999.00",
    "campaign_tag": null,
    "warranty_duration_months": 24,
    "stock": 10
  }
},
{
  "model": "products.product",
  "pk": 153,
  "fields": {
    "name": "DO 8160 CI / CHG 81442 BX - Gıda Hazırlama",
    "brand": "",
    "category": 17,
    "description": "Doğrayıcı, 400 W, 1000 ml cam hazne,inox,starlight",
    "price": "2999.00",
    "image": "https://www.beko.com.tr/media/resize/8910791200_MDM2_LOW_1.png/1000Wx1000H/image.webp",
    "model_code": "DO 8160 CI / CHG 81442 BX",
    "warranty_code": null,
    "price_list": "3160.00",
    "price_cash": "2999.00",
    "campaign_tag": null,
    "warranty_duration_months": 24,
    "stock": 10
  }
},
{
  "model": "products.product",
  "pk": 154,
  "fields": {
    "name": "HB 5410 - Gıda Hazırlama",
    "brand": "",
    "category": 17,
    "description": "Blender, 1500 W, 2 hız kademesi, turbo fonksiyonu, 900 ml plastik hazne, siyah",
    "price": "2499.00",
    "image": "",
    "model_code": "HB 5410",
    "warranty_code": null,
    "price_list": "2635.00",
    "price_cash": "2499.00",
    "campaign_tag": null,
    "warranty_duration_months": 24,
    "stock": 10
  }
},
{
  "model": "products.product",
  "pk": 155,
  "fields": {
    "name": "HBS 8170 CI - Gıda Hazırlama",
    "brand": "",
    "category": 17,
    "description": "Blender, 750 W, yıldız bıçak, 12 hız kademesi,700ml ölçü kabı, inox, starlight",
    "price": "4099.00",
    "image": "https://www.beko.com.tr/media/resize/8910811200_MDM2_LOW_1.png/265Wx265H/image.png",
    "model_code": "HBS 8170 CI",
    "warranty_code": null,
    "price_list": "4315.00",
    "price_cash": "4099.00",
    "campaign_tag": null,
    "warranty_duration_months": 24,
    "stock": 10
  }
},
{
  "model": "products.product",
  "pk": 156,
  "fields": {
    "name": "MS 5210 - Gıda Hazırlama",
    "brand": "",
    "category": 17,
    "description": "40 W , kendinden haznel, beyaz , narenciye sıkacağı",
    "price": "1999.00",
    "image": "https://www.beko.com.tr/media/resize/8913761200_MDM2_LOW_1.png/1000Wx1000H/image.webp",
    "model_code": "MS 5210",
    "warranty_code": null,
    "price_list": "2105.00",
    "price_cash": "1999.00",
    "campaign_tag": null,
    "warranty_duration_months": 24,
    "stock": 10
  }
},
{
  "model": "products.product",
  "pk": 157,
  "fields": {
    "name": "KB 5234 T - Gıda Hazırlama",
    "brand": "",
    "category": 17,
    "description": "Personal Blender,Beyaz,350w,600ml, inox",
    "price": "3099.00",
    "image": "https://www.beko.com.tr/media/resize/8912991200_MDM2_LOW_1.png/1000Wx1000H/image.webp",
    "model_code": "KB 5234 T",
    "warranty_code": null,
    "price_list": "3265.00",
    "price_cash": "3099.00",
    "campaign_tag": null,
    "warranty_duration_months": 24,
    "stock": 10
  }
},
{
  "model": "products.product",
  "pk": 158,
  "fields": {
    "name": "BKK 2145 - Gıda Hazırlama",
    "brand": "",
    "category": 17,
    "description": "Inox katı meyve sıkacağı, 1500w, 750ml",
    "price": "7499.00",
    "image": "https://www.beko.com.tr/media/resize/8810271200_LO1_20171128_071521.png/1000Wx1000H/image.webp",
    "model_code": "BKK 2145",
    "warranty_code": null,
    "price_list": "7895.00",
    "price_cash": "7499.00",
    "campaign_tag": null,
    "warranty_duration_months": 24,
    "stock": 10
  }
},
{
  "model": "products.product",
  "pk": 159,
  "fields": {
    "name": "SM 5670 - Gıda Hazırlama",
    "brand": "",
    "category": 17,
    "description": "SlushMix™Slush ve Buzlu İçecek Makineleri, 5 İçecek Modu , 5 Soğutma Modu ",
    "price": "14999.00",
    "image": "https://www.beko.com.tr/media/resize/8918991200_MDM2_LOW_1.png/265Wx265H/image.png",
    "model_code": "SM 5670",
    "warranty_code": null,
    "price_list": "15790.00",
    "price_cash": "14999.00",
    "campaign_tag": null,
    "warranty_duration_months": 24,
    "stock": 10
  }
},
{
  "model": "products.product",
  "pk": 160,
  "fields": {
    "name": "TB 8180 CI - Gıda Hazırlama",
    "brand": "",
    "category": 17,
    "description": "Blender,800 W, 1,75litre, cam hazne, inox, 6 Hız, starlight",
    "price": "3999.00",
    "image": "https://www.beko.com.tr/media/resize/8910731200_MDM2_LOW_1.png/1000Wx1000H/image.webp",
    "model_code": "TB 8180 CI",
    "warranty_code": null,
    "price_list": "4210.00",
    "price_cash": "3999.00",
    "campaign_tag": null,
    "warranty_duration_months": 24,
    "stock": 10
  }
},
{
  "model": "products.product",
  "pk": 161,
  "fields": {
    "name": "RHB 2410 SİYAH - Gıda Hazırlama",
    "brand": "",
    "category": 17,
    "description": "SİYAH El Blender,1500w,900mL ölçü kabı, turbo özellikli",
    "price": "3999.00",
    "image": "https://www.beko.com.tr/media/resize/8917711200_MDM2_LOW_1.png/1000Wx1000H/image.webp",
    "model_code": "RHB 2410 SİYAH",
    "warranty_code": null,
    "price_list": "4210.00",
    "price_cash": "3999.00",
    "campaign_tag": null,
    "warranty_duration_months": 24,
    "stock": 10
  }
},
{
  "model": "products.product",
  "pk": 162,
  "fields": {
    "name": "RHB 5050 B SİYAH - Gıda Hazırlama",
    "brand": "",
    "category": 17,
    "description": "Floral SİYAH El Blender,1500w,900mL ölçü kabı, hız kademesi 2, turbo özellikli",
    "price": "4999.00",
    "image": "https://www.beko.com.tr/media/resize/8819001200_MDM2_LOW_1.png/1000Wx1000H/image.webp",
    "model_code": "RHB 5050 B SİYAH",
    "warranty_code": null,
    "price_list": "5265.00",
    "price_cash": "4999.00",
    "campaign_tag": null,
    "warranty_duration_months": 24,
    "stock": 10
  }
},
{
  "model": "products.product",
  "pk": 163,
  "fields": {
    "name": "RHB 5050 - Gıda Hazırlama",
    "brand": "",
    "category": 17,
    "description": "Floral Beyaz, El Blender,1500w,900mL ölçü kabı, hız kademesi 2, turbo özellikli",
    "price": "4999.00",
    "image": "",
    "model_code": "RHB 5050",
    "warranty_code": null,
    "price_list": "5265.00",
    "price_cash": "4999.00",
    "campaign_tag": null,
    "warranty_duration_months": 24,
    "stock": 10
  }
},
{
  "model": "products.product",
  "pk": 164,
  "fields": {
    "name": "RHB 5050 R - Gıda Hazırlama",
    "brand": "",
    "category": 17,
    "description": "Floral Rose Gold  El Blender,1500w,900mL ölçü kabı, hız kademesi 2, turbo özellikli",
    "price": "4999.00",
    "image": "https://www.beko.com.tr/media/resize/8818991200_MDM2_LOW_1.png/1000Wx1000H/image.webp",
    "model_code": "RHB 5050 R",
    "warranty_code": null,
    "price_list": "5265.00",
    "price_cash": "4999.00",
    "campaign_tag": null,
    "warranty_duration_months": 24,
    "stock": 10
  }
},
{
  "model": "products.product",
  "pk": 165,
  "fields": {
    "name": "YM 8242 I - Gıda Hazırlama",
    "brand": "",
    "category": 17,
    "description": "Yoğurt Chef  Probiyotik Yoğurt & Kefir mak. ",
    "price": "26999.00",
    "image": "https://www.beko.com.tr/media/resize/7462000200_MDM2_LOW_1.png/265Wx265H/image.png",
    "model_code": "YM 8242 I",
    "warranty_code": null,
    "price_list": "28420.00",
    "price_cash": "26999.00",
    "campaign_tag": null,
    "warranty_duration_months": 24,
    "stock": 10
  }
},
{
  "model": "products.product",
  "pk": 166,
  "fields": {
    "name": "MM 5471 S - Gıda Hazırlama",
    "brand": "",
    "category": 17,
    "description": "1500 W, mutfak robotu,Siyah",
    "price": "9999.00",
    "image": "https://www.beko.com.tr/media/resize/8918221200_MDM2_LOW_1.png/265Wx265H/image.png",
    "model_code": "MM 5471 S",
    "warranty_code": null,
    "price_list": "10525.00",
    "price_cash": "9999.00",
    "campaign_tag": null,
    "warranty_duration_months": 24,
    "stock": 10
  }
},
{
  "model": "products.product",
  "pk": 167,
  "fields": {
    "name": "MM 8042 DS - Gıda Hazırlama",
    "brand": "",
    "category": 17,
    "description": "1000 W, HomeChef® Mutfak Makinesi, Siyah, 12 Hız ayarlı, Profesyonel mutfak robotu",
    "price": "27999.00",
    "image": "https://www.beko.com.tr/media/resize/8819041200_MDM2_LOW_1.png/1000Wx1000H/image.webp",
    "model_code": "MM 8042 DS",
    "warranty_code": null,
    "price_list": "29475.00",
    "price_cash": "27999.00",
    "campaign_tag": null,
    "warranty_duration_months": 24,
    "stock": 10
  }
},
{
  "model": "products.product",
  "pk": 168,
  "fields": {
    "name": "KM 5024 M - Gıda Hazırlama",
    "brand": "",
    "category": 17,
    "description": "2200 W , kıyma makinesi , içli köfte ve sosis aparatı , Beyaz",
    "price": "10999.00",
    "image": "https://www.beko.com.tr/media/resize/8815861200_LO1_20191122_090207.png/265Wx265H/image.png",
    "model_code": "KM 5024 M",
    "warranty_code": null,
    "price_list": "11580.00",
    "price_cash": "10999.00",
    "campaign_tag": null,
    "warranty_duration_months": 24,
    "stock": 10
  }
},
{
  "model": "products.product",
  "pk": 169,
  "fields": {
    "name": "WKM4215W - Pişiriciler - Isıtıcılar - İçecek Hazırlama",
    "brand": "",
    "category": 18,
    "description": "Kettle 1,7 litre, 2200 W, Beyaz",
    "price": "1999.00",
    "image": "https://www.bekokibris.com/wp-content/uploads/2024/11/WKM4215W5.jpg",
    "model_code": "WKM4215W",
    "warranty_code": null,
    "price_list": "2105.00",
    "price_cash": "1999.00",
    "campaign_tag": "ÖZEL FİYATLI ÜRÜN",
    "warranty_duration_months": 24,
    "stock": 10
  }
},
{
  "model": "products.product",
  "pk": 170,
  "fields": {
    "name": "KL 8022 I - Pişiriciler - Isıtıcılar - İçecek Hazırlama",
    "brand": "",
    "category": 18,
    "description": "Kettle 1,7 litre, 2200 W, Inox",
    "price": "1999.00",
    "image": "https://www.beko.com.tr/media/resize/8818301200_LO1_20210204_113051.png/1000Wx1000H/image.webp",
    "model_code": "KL 8022 I",
    "warranty_code": null,
    "price_list": "2105.00",
    "price_cash": "1999.00",
    "campaign_tag": null,
    "warranty_duration_months": 24,
    "stock": 10
  }
},
{
  "model": "products.product",
  "pk": 171,
  "fields": {
    "name": "WKM 5422 I - Pişiriciler - Isıtıcılar - İçecek Hazırlama",
    "brand": "",
    "category": 18,
    "description": "Kettle 1,7 litre, 2200 W, Cam gövdeli , inox-siyah",
    "price": "2499.00",
    "image": "https://www.beko.com.tr/media/resize/8917211200_LO1_20240321_142505.png/1000Wx1000H/image.webp",
    "model_code": "WKM 5422 I",
    "warranty_code": null,
    "price_list": "2630.00",
    "price_cash": "2499.00",
    "campaign_tag": null,
    "warranty_duration_months": 24,
    "stock": 10
  }
},
{
  "model": "products.product",
  "pk": 172,
  "fields": {
    "name": "TKM 2341 B - Pişiriciler - Isıtıcılar - İçecek Hazırlama",
    "brand": "",
    "category": 18,
    "description": "Telve monus, Türk kahve makinesi, Beyaz",
    "price": "3999.00",
    "image": "",
    "model_code": "TKM 2341 B",
    "warranty_code": null,
    "price_list": "4210.00",
    "price_cash": "3999.00",
    "campaign_tag": null,
    "warranty_duration_months": 24,
    "stock": 10
  }
},
{
  "model": "products.product",
  "pk": 173,
  "fields": {
    "name": "TKM 2341 S - Pişiriciler - Isıtıcılar - İçecek Hazırlama",
    "brand": "",
    "category": 18,
    "description": "Telve monus, Türk kahve makinesi, Siyah",
    "price": "3999.00",
    "image": "https://www.bekokibris.com/wp-content/uploads/2020/04/TKM2341.jpg",
    "model_code": "TKM 2341 S",
    "warranty_code": null,
    "price_list": "4210.00",
    "price_cash": "3999.00",
    "campaign_tag": null,
    "warranty_duration_months": 24,
    "stock": 10
  }
},
{
  "model": "products.product",
  "pk": 174,
  "fields": {
    "name": "TKM 5448 - Pişiriciler - Isıtıcılar - İçecek Hazırlama",
    "brand": "",
    "category": 18,
    "description": "Keyf-i Bol Sütlü Türk Kahve Makinesi , 5 fincan , Gri",
    "price": "4599.00",
    "image": "",
    "model_code": "TKM 5448",
    "warranty_code": null,
    "price_list": "4845.00",
    "price_cash": "4599.00",
    "campaign_tag": null,
    "warranty_duration_months": 24,
    "stock": 10
  }
},
{
  "model": "products.product",
  "pk": 175,
  "fields": {
    "name": "BKK-2300 S - Pişiriciler - Isıtıcılar - İçecek Hazırlama",
    "brand": "",
    "category": 18,
    "description": "Mini Keyf, türk kahve makinesi, SİYAH",
    "price": "5199.00",
    "image": "https://www.beko.com.tr/media/resize/7489770264_LO1_20210108_075812.png/1000Wx1000H/image.webp",
    "model_code": "BKK-2300 S",
    "warranty_code": null,
    "price_list": "5475.00",
    "price_cash": "5199.00",
    "campaign_tag": null,
    "warranty_duration_months": 24,
    "stock": 10
  }
},
{
  "model": "products.product",
  "pk": 176,
  "fields": {
    "name": "BKK-2300 B - Pişiriciler - Isıtıcılar - İçecek Hazırlama",
    "brand": "",
    "category": 18,
    "description": "Mini Keyf, türk kahve makinesi, BEYAZ",
    "price": "5199.00",
    "image": "",
    "model_code": "BKK-2300 B",
    "warranty_code": null,
    "price_list": "5475.00",
    "price_cash": "5199.00",
    "campaign_tag": null,
    "warranty_duration_months": 24,
    "stock": 10
  }
},
{
  "model": "products.product",
  "pk": 177,
  "fields": {
    "name": "BKK-2300 RG - Pişiriciler - Isıtıcılar - İçecek Hazırlama",
    "brand": "",
    "category": 18,
    "description": "Mini Keyf, türk kahve makinesi, ROSE GOLD",
    "price": "5199.00",
    "image": "",
    "model_code": "BKK-2300 RG",
    "warranty_code": null,
    "price_list": "5475.00",
    "price_cash": "5199.00",
    "campaign_tag": null,
    "warranty_duration_months": 24,
    "stock": 10
  }
},
{
  "model": "products.product",
  "pk": 178,
  "fields": {
    "name": "TKM 8961 A - Pişiriciler - Isıtıcılar - İçecek Hazırlama",
    "brand": "",
    "category": 18,
    "description": "İkili Keyf, 6 fincan kapasiteli, indiksiyon tabanlı, türk kahve makinesi, siyah-inox",
    "price": "10999.00",
    "image": "https://www.beko.com.tr/media/resize/7489470201_LO1_20230220_103641.png/1000Wx1000H/image.webp",
    "model_code": "TKM 8961 A",
    "warranty_code": null,
    "price_list": "11580.00",
    "price_cash": "10999.00",
    "campaign_tag": null,
    "warranty_duration_months": 24,
    "stock": 10
  }
},
{
  "model": "products.product",
  "pk": 179,
  "fields": {
    "name": "TKM 8961 S - Pişiriciler - Isıtıcılar - İçecek Hazırlama",
    "brand": "",
    "category": 18,
    "description": "İkili Keyf, 6 fincan kapasiteli, indiksiyon tabanlı, türk kahve makinesi, siyah",
    "price": "10999.00",
    "image": "https://www.beko.com.tr/media/resize/7489470202_LO1_20230220_121329.png/1000Wx1000H/image.webp",
    "model_code": "TKM 8961 S",
    "warranty_code": null,
    "price_list": "11580.00",
    "price_cash": "10999.00",
    "campaign_tag": null,
    "warranty_duration_months": 24,
    "stock": 10
  }
},
{
  "model": "products.product",
  "pk": 180,
  "fields": {
    "name": "FCM1321W - Pişiriciler - Isıtıcılar - İçecek Hazırlama",
    "brand": "",
    "category": 18,
    "description": "Beyaz filtre kahve makinesi,1000W,aroma ayar fon, 10 fincan",
    "price": "4999.00",
    "image": "https://www.bekokibris.com/wp-content/uploads/2020/04/fcm1321w.jpg",
    "model_code": "FCM1321W",
    "warranty_code": null,
    "price_list": "5265.00",
    "price_cash": "4999.00",
    "campaign_tag": null,
    "warranty_duration_months": 24,
    "stock": 10
  }
},
{
  "model": "products.product",
  "pk": 181,
  "fields": {
    "name": "CFM6350I - Pişiriciler - Isıtıcılar - İçecek Hazırlama",
    "brand": "",
    "category": 18,
    "description": "Inox filtre kahve makinesi, 1000W, 10 fincan",
    "price": "4999.00",
    "image": "https://www.bekokibris.com/wp-content/uploads/2021/11/CFM6350I-1.jpg",
    "model_code": "CFM6350I",
    "warranty_code": null,
    "price_list": "5265.00",
    "price_cash": "4999.00",
    "campaign_tag": null,
    "warranty_duration_months": 24,
    "stock": 10
  }
},
{
  "model": "products.product",
  "pk": 182,
  "fields": {
    "name": "CEP 5304 X - Pişiriciler - Isıtıcılar - İçecek Hazırlama",
    "brand": "",
    "category": 18,
    "description": "Yarı Oto. Espresso Mak.,1350w",
    "price": "11999.00",
    "image": "https://www.beko.com.tr/media/resize/8914711200_LO1_20240209_165850.png/1000Wx1000H/image.webp",
    "model_code": "CEP 5304 X",
    "warranty_code": null,
    "price_list": "12630.00",
    "price_cash": "11999.00",
    "campaign_tag": null,
    "warranty_duration_months": 24,
    "stock": 10
  }
},
{
  "model": "products.product",
  "pk": 183,
  "fields": {
    "name": "CEP 6464 X - Pişiriciler - Isıtıcılar - İçecek Hazırlama",
    "brand": "",
    "category": 18,
    "description": "Kapsüllü Yarı Otomatik Espresso Makinesi , 1628W",
    "price": "12999.00",
    "image": "",
    "model_code": "CEP 6464 X",
    "warranty_code": null,
    "price_list": "13685.00",
    "price_cash": "12999.00",
    "campaign_tag": null,
    "warranty_duration_months": 24,
    "stock": 10
  }
},
{
  "model": "products.product",
  "pk": 184,
  "fields": {
    "name": "CEG 7348 X - Pişiriciler - Isıtıcılar - İçecek Hazırlama",
    "brand": "",
    "category": 18,
    "description": "Tam Oto. Espresso Mak.,1350w, 19 bar, 18 kahve çeşiti",
    "price": "33999.00",
    "image": "",
    "model_code": "CEG 7348 X",
    "warranty_code": null,
    "price_list": "35790.00",
    "price_cash": "33999.00",
    "campaign_tag": null,
    "warranty_duration_months": 24,
    "stock": 10
  }
},
{
  "model": "products.product",
  "pk": 185,
  "fields": {
    "name": "BKK 2221 C - Pişiriciler - Isıtıcılar - İçecek Hazırlama",
    "brand": "",
    "category": 18,
    "description": "Cam demlikli çay makinası, 1650w, 1.8lt, Siyah",
    "price": "3999.00",
    "image": "https://www.beko.com.tr/media/resize/8813221200_MDM2_LOW_1.png/1000Wx1000H/image.webp",
    "model_code": "BKK 2221 C",
    "warranty_code": null,
    "price_list": "4210.00",
    "price_cash": "3999.00",
    "campaign_tag": null,
    "warranty_duration_months": 24,
    "stock": 10
  }
},
{
  "model": "products.product",
  "pk": 186,
  "fields": {
    "name": "CM 5342 IN - Pişiriciler - Isıtıcılar - İçecek Hazırlama",
    "brand": "",
    "category": 18,
    "description": "INOX demlikli çay makinası, 1650w, 1.7lt, Inox",
    "price": "5199.00",
    "image": "https://www.beko.com.tr/media/resize/8916341200_MDM2_LOW_1.png/1000Wx1000H/image.webp",
    "model_code": "CM 5342 IN",
    "warranty_code": null,
    "price_list": "5475.00",
    "price_cash": "5199.00",
    "campaign_tag": null,
    "warranty_duration_months": 24,
    "stock": 10
  }
},
{
  "model": "products.product",
  "pk": 187,
  "fields": {
    "name": "CM 5964 SİYAH - Pişiriciler - Isıtıcılar - İçecek Hazırlama",
    "brand": "",
    "category": 18,
    "description": "Komple Cam çay makinesi,1900w, 2lt, Siyah",
    "price": "5499.00",
    "image": "",
    "model_code": "CM 5964 SİYAH",
    "warranty_code": null,
    "price_list": "5790.00",
    "price_cash": "5499.00",
    "campaign_tag": null,
    "warranty_duration_months": 24,
    "stock": 10
  }
},
{
  "model": "products.product",
  "pk": 188,
  "fields": {
    "name": "CM 5964 BEYAZ - Pişiriciler - Isıtıcılar - İçecek Hazırlama",
    "brand": "",
    "category": 18,
    "description": "Komple Cam çay makinesi,1900w, 2lt, Beyaz ",
    "price": "5499.00",
    "image": "",
    "model_code": "CM 5964 BEYAZ",
    "warranty_code": null,
    "price_list": "5790.00",
    "price_cash": "5499.00",
    "campaign_tag": null,
    "warranty_duration_months": 24,
    "stock": 10
  }
},
{
  "model": "products.product",
  "pk": 189,
  "fields": {
    "name": "CM 5964 ROSE - Pişiriciler - Isıtıcılar - İçecek Hazırlama",
    "brand": "",
    "category": 18,
    "description": "Komple Cam çay makinesi,1900w, 2lt, Rose Gold ",
    "price": "5499.00",
    "image": "https://cdn.akakce.com/beko/beko-cm-5964-r-floral-rose-1900-w-cam-demlikli-z.jpg",
    "model_code": "CM 5964 ROSE",
    "warranty_code": null,
    "price_list": "5790.00",
    "price_cash": "5499.00",
    "campaign_tag": null,
    "warranty_duration_months": 24,
    "stock": 10
  }
},
{
  "model": "products.product",
  "pk": 190,
  "fields": {
    "name": "SE 8036 I - Pişiriciler - Isıtıcılar - İçecek Hazırlama",
    "brand": "",
    "category": 18,
    "description": "Semaver,2200w, 3.5lt su ısıtıcı haznesi, 1.2lt demlik kapasitesi,Inox",
    "price": "10999.00",
    "image": "https://www.beko.com.tr/media/resize/8818601200_LO1_20201225_012715.png/1000Wx1000H/image.webp",
    "model_code": "SE 8036 I",
    "warranty_code": null,
    "price_list": "11580.00",
    "price_cash": "10999.00",
    "campaign_tag": null,
    "warranty_duration_months": 24,
    "stock": 10
  }
},
{
  "model": "products.product",
  "pk": 191,
  "fields": {
    "name": "CFM 8147 I - Pişiriciler - Isıtıcılar - İçecek Hazırlama",
    "brand": "",
    "category": 18,
    "description": "1800 W, Siyah-Inox, Otomatik Çay & Filtre makinesi, Dem 0.8 L,Su Isıtıcı 1.8 L",
    "price": "16999.00",
    "image": "https://www.beko.com.tr/media/resize/7460010201_MDM2_LOW_1.png/1000Wx1000H/image.webp",
    "model_code": "CFM 8147 I",
    "warranty_code": null,
    "price_list": "17895.00",
    "price_cash": "16999.00",
    "campaign_tag": null,
    "warranty_duration_months": 24,
    "stock": 10
  }
},
{
  "model": "products.product",
  "pk": 192,
  "fields": {
    "name": "CFM 8449 I - Pişiriciler - Isıtıcılar - İçecek Hazırlama",
    "brand": "",
    "category": 18,
    "description": "1800 W, Siyah-Cam, Otomatik Çay & Filtre makinesi, Dem 0.8 L,Su Isıtıcı 1.8 L",
    "price": "16999.00",
    "image": "https://www.beko.com.tr/media/resize/7460020200_MDM2_LOW_1.png/1000Wx1000H/image.webp",
    "model_code": "CFM 8449 I",
    "warranty_code": null,
    "price_list": "17895.00",
    "price_cash": "16999.00",
    "campaign_tag": null,
    "warranty_duration_months": 24,
    "stock": 10
  }
},
{
  "model": "products.product",
  "pk": 193,
  "fields": {
    "name": "TM 5206 G - Pişiriciler - Isıtıcılar - İçecek Hazırlama",
    "brand": "",
    "category": 18,
    "description": "2000 W, 4 kademeli ısı, yapışmaz yüzey,GRİ",
    "price": "5999.00",
    "image": "https://www.beko.com.tr/media/resize/8913181200_LO1_20220328_154603.png/265Wx265H/image.png",
    "model_code": "TM 5206 G",
    "warranty_code": null,
    "price_list": "6315.00",
    "price_cash": "5999.00",
    "campaign_tag": null,
    "warranty_duration_months": 24,
    "stock": 10
  }
},
{
  "model": "products.product",
  "pk": 194,
  "fields": {
    "name": "TM 5306 S - Pişiriciler - Isıtıcılar - İçecek Hazırlama",
    "brand": "",
    "category": 18,
    "description": "2000 W, yapışmaz yüzey, Tost grill (Siyah),GRANIT plaka",
    "price": "5999.00",
    "image": "https://www.beko.com.tr/media/resize/8916601200_MDM2_LOW_1.png/1000Wx1000H/image.webp",
    "model_code": "TM 5306 S",
    "warranty_code": null,
    "price_list": "6315.00",
    "price_cash": "5999.00",
    "campaign_tag": null,
    "warranty_duration_months": 24,
    "stock": 10
  }
},
{
  "model": "products.product",
  "pk": 195,
  "fields": {
    "name": "TM 5046 CB - Pişiriciler - Isıtıcılar - İçecek Hazırlama",
    "brand": "",
    "category": 18,
    "description": "2400w, 5 kademeli ısı, ızgara fonksiyonu, yapışmaz yüzey, Tost Grill ,Siyah",
    "price": "8899.00",
    "image": "",
    "model_code": "TM 5046 CB",
    "warranty_code": null,
    "price_list": "9370.00",
    "price_cash": "8899.00",
    "campaign_tag": null,
    "warranty_duration_months": 24,
    "stock": 10
  }
},
{
  "model": "products.product",
  "pk": 196,
  "fields": {
    "name": "TM 5046 C - Pişiriciler - Isıtıcılar - İçecek Hazırlama",
    "brand": "",
    "category": 18,
    "description": "2400w, 5 kademeli ısı, ızgara fonksiyonu, yapışmaz yüzey, Tost Grill ,Beyaz",
    "price": "8899.00",
    "image": "",
    "model_code": "TM 5046 C",
    "warranty_code": null,
    "price_list": "9370.00",
    "price_cash": "8899.00",
    "campaign_tag": null,
    "warranty_duration_months": 24,
    "stock": 10
  }
},
{
  "model": "products.product",
  "pk": 197,
  "fields": {
    "name": "TM 5046 CR - Pişiriciler - Isıtıcılar - İçecek Hazırlama",
    "brand": "",
    "category": 18,
    "description": "2400w, 5 kademeli ısı, ızgara fonksiyonu, yapışmaz yüzey, Tost Grill ,Rose Gold",
    "price": "8899.00",
    "image": "",
    "model_code": "TM 5046 CR",
    "warranty_code": null,
    "price_list": "9370.00",
    "price_cash": "8899.00",
    "campaign_tag": null,
    "warranty_duration_months": 24,
    "stock": 10
  }
},
{
  "model": "products.product",
  "pk": 198,
  "fields": {
    "name": "TM 8946 I - Pişiriciler - Isıtıcılar - İçecek Hazırlama",
    "brand": "",
    "category": 18,
    "description": "2000w, 5 kademeli ısı, ızgara fonksiyonu, yapışmaz yüzey, Tost Grill ,Inox",
    "price": "8899.00",
    "image": "",
    "model_code": "TM 8946 I",
    "warranty_code": null,
    "price_list": "9370.00",
    "price_cash": "8899.00",
    "campaign_tag": null,
    "warranty_duration_months": 24,
    "stock": 10
  }
},
{
  "model": "products.product",
  "pk": 199,
  "fields": {
    "name": "TAM4220W - Pişiriciler - Isıtıcılar - İçecek Hazırlama",
    "brand": "",
    "category": 18,
    "description": "800 W , 6 ısı pişirme ayarlı , buz çözme , 2 dilim hazneli , beyaz , ekmek kızartma mak.",
    "price": "2999.00",
    "image": "https://www.bekokibris.com/wp-content/uploads/2024/11/TAM4220W.jpg",
    "model_code": "TAM4220W",
    "warranty_code": null,
    "price_list": "3160.00",
    "price_cash": "2999.00",
    "campaign_tag": null,
    "warranty_duration_months": 24,
    "stock": 10
  }
},
{
  "model": "products.product",
  "pk": 200,
  "fields": {
    "name": "TAM7321I - Pişiriciler - Isıtıcılar - İçecek Hazırlama",
    "brand": "",
    "category": 18,
    "description": "850 W , 6 ısı pişirme ayarlı , buz çözme , 2 dilim hazneli , inox , ekmek kızartma mak.",
    "price": "2999.00",
    "image": "https://www.beko.com.tr/media/resize/8916351200_LO1_20240821_091543.png/1000Wx1000H/image.webp",
    "model_code": "TAM7321I",
    "warranty_code": null,
    "price_list": "3160.00",
    "price_cash": "2999.00",
    "campaign_tag": null,
    "warranty_duration_months": 24,
    "stock": 10
  }
},
{
  "model": "products.product",
  "pk": 201,
  "fields": {
    "name": "TAM4201B - Pişiriciler - Isıtıcılar - İçecek Hazırlama",
    "brand": "",
    "category": 18,
    "description": "850 W , 7 ısı pişirme ayarlı , buz çözme , 2 dilim hazneli , siyah , ekmek kızartma mak.",
    "price": "2999.00",
    "image": "https://www.bekokibris.com/wp-content/uploads/2021/11/TAM4201B-1.jpg",
    "model_code": "TAM4201B",
    "warranty_code": null,
    "price_list": "3160.00",
    "price_cash": "2999.00",
    "campaign_tag": null,
    "warranty_duration_months": 24,
    "stock": 10
  }
},
{
  "model": "products.product",
  "pk": 202,
  "fields": {
    "name": "FRL 2242 B - Pişiriciler - Isıtıcılar - İçecek Hazırlama",
    "brand": "",
    "category": 18,
    "description": "Fritöz Siyah,1500w,3.9 Lt, zaman ayarlayıcı,sıcaklık kontrollü",
    "price": "13999.00",
    "image": "https://www.bekokibris.com/wp-content/uploads/2024/10/FRL2242BANARES%C4%B0M.jpg",
    "model_code": "FRL 2242 B",
    "warranty_code": null,
    "price_list": "14740.00",
    "price_cash": "13999.00",
    "campaign_tag": null,
    "warranty_duration_months": 24,
    "stock": 10
  }
},
{
  "model": "products.product",
  "pk": 203,
  "fields": {
    "name": "FR 8284 - Pişiriciler - Isıtıcılar - İçecek Hazırlama",
    "brand": "",
    "category": 18,
    "description": "Fritöz Siyah,2400w,8.5 Lt, zaman ayarlayıcı,sıcaklık kontrollü,çift hazne",
    "price": "16999.00",
    "image": "",
    "model_code": "FR 8284",
    "warranty_code": null,
    "price_list": "17895.00",
    "price_cash": "16999.00",
    "campaign_tag": null,
    "warranty_duration_months": 24,
    "stock": 10
  }
},
{
  "model": "products.product",
  "pk": 204,
  "fields": {
    "name": "MC 5056 I - Pişiriciler - Isıtıcılar - İçecek Hazırlama",
    "brand": "",
    "category": 18,
    "description": "1100w,Siyah-Inox,ExpertChef,10prog,5.5L,Multi Cooker çok amaçlı pişirici",
    "price": "11999.00",
    "image": "https://www.beko.com.tr/media/resize/8818501200_MDM2_LOW_1.png/1000Wx1000H/image.webp",
    "model_code": "MC 5056 I",
    "warranty_code": null,
    "price_list": "12630.00",
    "price_cash": "11999.00",
    "campaign_tag": null,
    "warranty_duration_months": 24,
    "stock": 10
  }
},
{
  "model": "products.product",
  "pk": 205,
  "fields": {
    "name": "MC 5251 - Pişiriciler - Isıtıcılar - İçecek Hazırlama",
    "brand": "",
    "category": 18,
    "description": "1100w,Siyah-Inox,ExpertChef,5.5L,Multi Cooker çok amaçlı pişirici,Elektronik",
    "price": "18999.00",
    "image": "https://www.beko.com.tr/media/resize/8912971200_LO1_20221114_140613.png/1000Wx1000H/image.webp",
    "model_code": "MC 5251",
    "warranty_code": null,
    "price_list": "20000.00",
    "price_cash": "18999.00",
    "campaign_tag": null,
    "warranty_duration_months": 24,
    "stock": 10
  }
},
{
  "model": "products.product",
  "pk": 206,
  "fields": {
    "name": "KL 8221 I - Pişiriciler - Isıtıcılar - İçecek Hazırlama",
    "brand": "",
    "category": 18,
    "description": "Kettle 1,2 litre, 2200 W, Inox",
    "price": "1000.00",
    "image": "https://www.beko.com.tr/media/resize/8916621200_MDM2_LOW_1.png/265Wx265H/image.png",
    "model_code": "KL 8221 I",
    "warranty_code": null,
    "price_list": "1055.00",
    "price_cash": "1000.00",
    "campaign_tag": "WEB ÖZEL",
    "warranty_duration_months": 24,
    "stock": 10
  }
},
{
  "model": "products.product",
  "pk": 207,
  "fields": {
    "name": "FK 5112 I - Pişiriciler - Isıtıcılar - İçecek Hazırlama",
    "brand": "",
    "category": 18,
    "description": "Inox filtre kahve makinesi, 1000W, 12 fincan, Dijital",
    "price": "2899.00",
    "image": "https://www.beko.com.tr/media/resize/8911251200_MDM2_LOW_1.png/265Wx265H/image.png",
    "model_code": "FK 5112 I",
    "warranty_code": null,
    "price_list": "3160.00",
    "price_cash": "2899.00",
    "campaign_tag": null,
    "warranty_duration_months": 24,
    "stock": 10
  }
},
{
  "model": "products.product",
  "pk": 208,
  "fields": {
    "name": "BKK 1194 - Süpürgeler + Pratik El Süpürgeleri",
    "brand": "",
    "category": 19,
    "description": "Şarjlı el süpürgesi , 0.5lt , 150ml su haznesi kapasitesi, 7.2v, yeşil",
    "price": "3699.00",
    "image": "https://www.bekokibris.com/wp-content/uploads/2023/12/BKK1194.webp",
    "model_code": "BKK 1194",
    "warranty_code": null,
    "price_list": "3895.00",
    "price_cash": "3699.00",
    "campaign_tag": "ÖZEL FİYATLI ÜRÜN",
    "warranty_duration_months": 24,
    "stock": 10
  }
},
{
  "model": "products.product",
  "pk": 209,
  "fields": {
    "name": "RS 2221 - Süpürgeler + Pratik El Süpürgeleri",
    "brand": "",
    "category": 19,
    "description": "Robot süpürge , wifi , 0.4lt , 110 metre kare temizleme alanı , beyaz , ",
    "price": "22999.00",
    "image": "",
    "model_code": "RS 2221",
    "warranty_code": null,
    "price_list": "24210.00",
    "price_cash": "22999.00",
    "campaign_tag": null,
    "warranty_duration_months": 24,
    "stock": 10
  }
},
{
  "model": "products.product",
  "pk": 210,
  "fields": {
    "name": "VRR 82314 VB - Süpürgeler + Pratik El Süpürgeleri",
    "brand": "",
    "category": 19,
    "description": "Sarj istasyonlu, haritalama,paspas, wifi,Robot Süpürge,150m2temizlik alanı,0.4L,94.5-34.2-34.2",
    "price": "36999.00",
    "image": "",
    "model_code": "VRR 82314 VB",
    "warranty_code": null,
    "price_list": "38950.00",
    "price_cash": "36999.00",
    "campaign_tag": null,
    "warranty_duration_months": 24,
    "stock": 10
  }
},
{
  "model": "products.product",
  "pk": 211,
  "fields": {
    "name": "VRT 51225 VB - Süpürgeler + Pratik El Süpürgeleri",
    "brand": "",
    "category": 19,
    "description": "Şarjli kablosuz dik süpürge,beyaz,kablosuz,Li-Ion pil,0.55lt, 150w",
    "price": "11999.00",
    "image": "https://www.bekokibris.com/wp-content/uploads/2024/11/VRT51225VB2.jpg",
    "model_code": "VRT 51225 VB",
    "warranty_code": null,
    "price_list": "12635.00",
    "price_cash": "11999.00",
    "campaign_tag": null,
    "warranty_duration_months": 24,
    "stock": 10
  }
},
{
  "model": "products.product",
  "pk": 212,
  "fields": {
    "name": "SD 2341 - Süpürgeler + Pratik El Süpürgeleri",
    "brand": "",
    "category": 19,
    "description": "Şarjli kablosuz dik süpürge,beyaz,kablosuz,Li-Ion pil,0.70lt, 150w",
    "price": "11999.00",
    "image": "https://www.beko.com.tr/media/resize/8916011200_MDM2_LOW_1.png/265Wx265H/image.png",
    "model_code": "SD 2341",
    "warranty_code": null,
    "price_list": "12635.00",
    "price_cash": "11999.00",
    "campaign_tag": null,
    "warranty_duration_months": 24,
    "stock": 10
  }
},
{
  "model": "products.product",
  "pk": 213,
  "fields": {
    "name": "SD 2141 - Süpürgeler + Pratik El Süpürgeleri",
    "brand": "",
    "category": 19,
    "description": "Şarjli kablosuz dik süpürge,beyaz,kablosuz,Li-Ion pil,0.55lt, 110w",
    "price": "11999.00",
    "image": "https://www.beko.com.tr/media/resize/8911641200_LO1_20220112_030846.png/265Wx265H/image.png",
    "model_code": "SD 2141",
    "warranty_code": null,
    "price_list": "12635.00",
    "price_cash": "11999.00",
    "campaign_tag": null,
    "warranty_duration_months": 24,
    "stock": 10
  }
},
{
  "model": "products.product",
  "pk": 214,
  "fields": {
    "name": "SD 5141 - Süpürgeler + Pratik El Süpürgeleri",
    "brand": "",
    "category": 19,
    "description": "Şarjli kablosuz dik süpürge,siyah-mavi,kablosuz,Li-Ion pil,0.55lt,350w",
    "price": "15999.00",
    "image": "https://www.beko.com.tr/media/resize/8912851200_LO1_20221118_150234.png/265Wx265H/image.png",
    "model_code": "SD 5141",
    "warranty_code": null,
    "price_list": "16845.00",
    "price_cash": "15999.00",
    "campaign_tag": null,
    "warranty_duration_months": 24,
    "stock": 10
  }
},
{
  "model": "products.product",
  "pk": 215,
  "fields": {
    "name": "SD 8161 - Süpürgeler + Pratik El Süpürgeleri",
    "brand": "",
    "category": 19,
    "description": "Şarjli kablosuz dik süpürge,siyah-rose,kablosuz,Li-Ion pil,0.9lt,550w,otomatik zemin algılama,katlanabilir boru",
    "price": "19999.00",
    "image": "",
    "model_code": "SD 8161",
    "warranty_code": null,
    "price_list": "21055.00",
    "price_cash": "19999.00",
    "campaign_tag": null,
    "warranty_duration_months": 24,
    "stock": 10
  }
},
{
  "model": "products.product",
  "pk": 216,
  "fields": {
    "name": "SD 5341 - Süpürgeler + Pratik El Süpürgeleri",
    "brand": "",
    "category": 19,
    "description": "Şarjli kablosuz dik süpürge,siyah-mavi,kablosuz,Li-Ion pil,0.5lt,250w,ıslak/kuru",
    "price": "19999.00",
    "image": "",
    "model_code": "SD 5341",
    "warranty_code": null,
    "price_list": "21055.00",
    "price_cash": "19999.00",
    "campaign_tag": null,
    "warranty_duration_months": 24,
    "stock": 10
  }
},
{
  "model": "products.product",
  "pk": 217,
  "fields": {
    "name": "VRT 97325 VY - Süpürgeler + Pratik El Süpürgeleri",
    "brand": "",
    "category": 19,
    "description": "Şarjlı, kablosuz dik süpürge,siyah,kablosuz,Li-Ion pi,2,5lt,450w,All in Zone Toz Boşaltma ve Şarj İstasyonu,AdaptEdge Fırça Teknolojisi ve Yeşil Led Işık,ActiFlex Kolay Katlanabilir Boru,SpinWash Mop Başlığı,Multisiklon Filtre",
    "price": "29999.00",
    "image": "",
    "model_code": "VRT 97325 VY",
    "warranty_code": null,
    "price_list": "31580.00",
    "price_cash": "29999.00",
    "campaign_tag": null,
    "warranty_duration_months": 24,
    "stock": 10
  }
},
{
  "model": "products.product",
  "pk": 218,
  "fields": {
    "name": "TSZ 2282 - Süpürgeler + Pratik El Süpürgeleri",
    "brand": "",
    "category": 19,
    "description": "800 W, toz torbasız, 2.5 LT toz kapasiteli",
    "price": "7499.00",
    "image": "",
    "model_code": "TSZ 2282",
    "warranty_code": null,
    "price_list": "7895.00",
    "price_cash": "7499.00",
    "campaign_tag": null,
    "warranty_duration_months": 24,
    "stock": 10
  }
},
{
  "model": "products.product",
  "pk": 219,
  "fields": {
    "name": "VCO 32801 AR - Süpürgeler + Pratik El Süpürgeleri",
    "brand": "",
    "category": 19,
    "description": "800 W, toz torbasız, 1,8 LT toz kapasiteli, Hepa 12 ,KIRMIZI",
    "price": "7999.00",
    "image": "https://www.bekokibris.com/wp-content/uploads/2022/07/VCO42701AR-3.jpg",
    "model_code": "VCO 32801 AR",
    "warranty_code": null,
    "price_list": "8420.00",
    "price_cash": "7999.00",
    "campaign_tag": null,
    "warranty_duration_months": 24,
    "stock": 10
  }
},
{
  "model": "products.product",
  "pk": 220,
  "fields": {
    "name": "TSZ 5282 - Süpürgeler + Pratik El Süpürgeleri",
    "brand": "",
    "category": 19,
    "description": "890 W, toz torbasız, 2,7 LT toz kapasiteli, Hepa 12 ,ROSE , saptan kontrollü",
    "price": "11999.00",
    "image": "",
    "model_code": "TSZ 5282",
    "warranty_code": null,
    "price_list": "12635.00",
    "price_cash": "11999.00",
    "campaign_tag": null,
    "warranty_duration_months": 24,
    "stock": 10
  }
},
{
  "model": "products.product",
  "pk": 221,
  "fields": {
    "name": "TSZ 5083 - Süpürgeler + Pratik El Süpürgeleri",
    "brand": "",
    "category": 19,
    "description": "750 W, toz torbasız, 3 LT toz kapasiteli, Hepa 12 , MAVİ",
    "price": "13999.00",
    "image": "",
    "model_code": "TSZ 5083",
    "warranty_code": null,
    "price_list": "14735.00",
    "price_cash": "13999.00",
    "campaign_tag": null,
    "warranty_duration_months": 24,
    "stock": 10
  }
},
{
  "model": "products.product",
  "pk": 222,
  "fields": {
    "name": "BKG 5916 - Süpürgeler + Pratik El Süpürgeleri",
    "brand": "",
    "category": 19,
    "description": "1600 W, 25gr/dk, 230 mL su haznesi, Buharlı Kırışık Giderici",
    "price": "2999.00",
    "image": "",
    "model_code": "BKG 5916",
    "warranty_code": null,
    "price_list": "3160.00",
    "price_cash": "2999.00",
    "campaign_tag": "ÖZEL FİYATLI ÜRÜN",
    "warranty_duration_months": 24,
    "stock": 10
  }
},
{
  "model": "products.product",
  "pk": 223,
  "fields": {
    "name": "SIM 3124 D - Süpürgeler + Pratik El Süpürgeleri",
    "brand": "",
    "category": 19,
    "description": "2400 W, Auto-off, seramik taban, 120 gr şok buhar, 30 gr/dk, yeşil, otomatik kapanma",
    "price": "2999.00",
    "image": "https://www.bekokibris.com/wp-content/uploads/2022/11/SIM_3124_D-1.jpg",
    "model_code": "SIM 3124 D",
    "warranty_code": null,
    "price_list": "3160.00",
    "price_cash": "2999.00",
    "campaign_tag": null,
    "warranty_duration_months": 24,
    "stock": 10
  }
},
{
  "model": "products.product",
  "pk": 224,
  "fields": {
    "name": "SIM 3126 R - Süpürgeler + Pratik El Süpürgeleri",
    "brand": "",
    "category": 19,
    "description": "2600 W, Auto-off buharlı ütü, seramik taban,mor,150gr şok buhar,240ml,otomatik kapanma",
    "price": "3999.00",
    "image": "https://www.bekokibris.com/wp-content/uploads/2022/11/SIM_3126_R-1.jpg",
    "model_code": "SIM 3126 R",
    "warranty_code": null,
    "price_list": "4210.00",
    "price_cash": "3999.00",
    "campaign_tag": null,
    "warranty_duration_months": 24,
    "stock": 10
  }
},
{
  "model": "products.product",
  "pk": 225,
  "fields": {
    "name": "BEU 8030 M - Süpürgeler + Pratik El Süpürgeleri",
    "brand": "",
    "category": 19,
    "description": "3000 W, 270gr şok buhar, sürekli buhar dakikada 55gr, otomatik kapanma, seramik taban, rose",
    "price": "5599.00",
    "image": "",
    "model_code": "BEU 8030 M",
    "warranty_code": null,
    "price_list": "5895.00",
    "price_cash": "5599.00",
    "campaign_tag": null,
    "warranty_duration_months": 24,
    "stock": 10
  }
},
{
  "model": "products.product",
  "pk": 226,
  "fields": {
    "name": "BEU 8030 D / SPA 9130 B - Süpürgeler + Pratik El Süpürgeleri",
    "brand": "",
    "category": 19,
    "description": "3000 W, 280gr şok buhar, sürekli buhar dakikada 63gr, otomatik kapanma, seramik taban, mavi",
    "price": "5999.00",
    "image": "https://www.bekokibris.com/wp-content/uploads/2021/11/SPA-9130-B.jpg",
    "model_code": "BEU 8030 D / SPA 9130 B",
    "warranty_code": null,
    "price_list": "6315.00",
    "price_cash": "5999.00",
    "campaign_tag": null,
    "warranty_duration_months": 24,
    "stock": 10
  }
},
{
  "model": "products.product",
  "pk": 227,
  "fields": {
    "name": "SGA 6126 R - Süpürgeler + Pratik El Süpürgeleri",
    "brand": "",
    "category": 19,
    "description": "2600 W, 6 bar, buhar kazanlı ütü, seramik taban, özel buhar gücü, smart, 110 gr/dk, mor",
    "price": "14499.00",
    "image": "",
    "model_code": "SGA 6126 R",
    "warranty_code": null,
    "price_list": "15265.00",
    "price_cash": "14499.00",
    "campaign_tag": null,
    "warranty_duration_months": 24,
    "stock": 10
  }
},
{
  "model": "products.product",
  "pk": 228,
  "fields": {
    "name": "BKU 8026 - Süpürgeler + Pratik El Süpürgeleri",
    "brand": "",
    "category": 19,
    "description": "2600 W, 1,8lt, 420gr şok buhar, sürekli buhar dakikada 120gr, smart, otomatik kapanma, seramik taban, rose",
    "price": "14499.00",
    "image": "",
    "model_code": "BKU 8026",
    "warranty_code": null,
    "price_list": "15265.00",
    "price_cash": "14499.00",
    "campaign_tag": null,
    "warranty_duration_months": 24,
    "stock": 10
  }
},
{
  "model": "products.product",
  "pk": 229,
  "fields": {
    "name": "BKU 8928 - Süpürgeler + Pratik El Süpürgeleri",
    "brand": "",
    "category": 19,
    "description": "2800 W, 7,2 Bar, 1,8lt, 450gr şok buhar, sürekli buhar dakikada 130gr, smart, otomatik kapanma, seramik taban, mor",
    "price": "14999.00",
    "image": "",
    "model_code": "BKU 8928",
    "warranty_code": null,
    "price_list": "15790.00",
    "price_cash": "14999.00",
    "campaign_tag": null,
    "warranty_duration_months": 24,
    "stock": 10
  }
},
{
  "model": "products.product",
  "pk": 230,
  "fields": {
    "name": "BKU 8130 - Süpürgeler + Pratik El Süpürgeleri",
    "brand": "",
    "category": 19,
    "description": "3000 W, 8 Bar, 1,8lt, 600gr şok buhar, sürekli buhar dakikada 165gr, smart, otomatik kapanma, seramik taban, mor",
    "price": "16999.00",
    "image": "",
    "model_code": "BKU 8130",
    "warranty_code": null,
    "price_list": "17895.00",
    "price_cash": "16999.00",
    "campaign_tag": null,
    "warranty_duration_months": 24,
    "stock": 10
  }
},
{
  "model": "products.product",
  "pk": 231,
  "fields": {
    "name": "SGA 8130 C - Süpürgeler + Pratik El Süpürgeleri",
    "brand": "",
    "category": 19,
    "description": "3000 W, 8 Bar, 1,8lt, 600gr şok buhar, sürekli buhar dakikada 165gr, smart, otomatik kapanma, seramik taban, ROSE",
    "price": "16999.00",
    "image": "https://www.bekokibris.com/wp-content/uploads/2023/09/SGA8130C.jpg",
    "model_code": "SGA 8130 C",
    "warranty_code": null,
    "price_list": "17895.00",
    "price_cash": "16999.00",
    "campaign_tag": null,
    "warranty_duration_months": 24,
    "stock": 10
  }
},
{
  "model": "products.product",
  "pk": 232,
  "fields": {
    "name": "BEVPG 095/096 - Mono Split Duvar Tipi Klimalar",
    "brand": "",
    "category": 20,
    "description": "9000 Btu/h , Ayarlanabilir Soğutma Kapasitesi Aralığı (Btu/h) 3100~11600, Ayarlanabilir Isıtma Kapasitesi Aralığı (Btu/h) 2800~11500, Enerji Seviyesi -(92/75/EEC) Soğutma A++ / Isıtma A+, Inverter , Yüksek Yoğunluklu Filtre , Aktif Karbon Filtresi, Soğuk Katalizör Filtresi",
    "price": "19999.00",
    "image": "https://www.bekokibris.com/wp-content/uploads/2023/07/BEVPG-VE-BEEPG.jpg",
    "model_code": "BEVPG 095/096",
    "warranty_code": "2KLM1",
    "price_list": "21055.00",
    "price_cash": "19999.00",
    "campaign_tag": "BEKONOMİK FIRSAT     2. KLİMA ALINIR İSE İLAVE 1000TL İNDİRİM UYGULANACAK. 3. KLİMA ALINIR İSE İL...",
    "warranty_duration_months": 24,
    "stock": 10
  }
},
{
  "model": "products.product",
  "pk": 233,
  "fields": {
    "name": "BEVPG 125/126 - Mono Split Duvar Tipi Klimalar",
    "brand": "",
    "category": 20,
    "description": "12000 Btu/h , Ayarlanabilir Soğutma Kapasitesi Aralığı (Btu/h) 3800~13500, Ayarlanabilir Isıtma Kapasitesi Aralığı (Btu/h) 3700~14300, Enerji Seviyesi -(92/75/EEC) Soğutma A++ / Isıtma A+, Inverter , Yüksek Yoğunluklu Filtre , Aktif Karbon Filtresi, Soğuk Katalizör Filtresi",
    "price": "21999.00",
    "image": "https://www.bekokibris.com/wp-content/uploads/2023/07/BEVPG-VE-BEEPG.jpg",
    "model_code": "BEVPG 125/126",
    "warranty_code": "2KLM2",
    "price_list": "23160.00",
    "price_cash": "21999.00",
    "campaign_tag": null,
    "warranty_duration_months": 24,
    "stock": 10
  }
},
{
  "model": "products.product",
  "pk": 234,
  "fields": {
    "name": "BEVPG 180/181 - Mono Split Duvar Tipi Klimalar",
    "brand": "",
    "category": 20,
    "description": "18000 Btu/h , Ayarlanabilir Soğutma Kapasitesi Aralığı (Btu/h) 6600~21400, Ayarlanabilir Isıtma Kapasitesi Aralığı (Btu/h) 4400~23900, Enerji Seviyesi -(92/75/EEC) Soğutma A++ / Isıtma A+, Inverter , Yüksek Yoğunluklu Filtre , Aktif Karbon Filtresi, Soğuk Katalizör Filtresi",
    "price": "30999.00",
    "image": "https://www.bekokibris.com/wp-content/uploads/2023/07/BEVPG-VE-BEEPG.jpg",
    "model_code": "BEVPG 180/181",
    "warranty_code": "2KLM3",
    "price_list": "32635.00",
    "price_cash": "30999.00",
    "campaign_tag": null,
    "warranty_duration_months": 24,
    "stock": 10
  }
},
{
  "model": "products.product",
  "pk": 235,
  "fields": {
    "name": "BEVPG 240/241 - Mono Split Duvar Tipi Klimalar",
    "brand": "",
    "category": 20,
    "description": "24000 Btu/h , Ayarlanabilir Soğutma Kapasitesi Aralığı (Btu/h) 10300~30000, Ayarlanabilir Isıtma Kapasitesi Aralığı (Btu/h) 5200~32300, Enerji Seviyesi -(92/75/EEC) Soğutma A++ / Isıtma A+, Inverter , Yüksek Yoğunluklu Filtre , Aktif Karbon Filtresi, Soğuk Katalizör Filtresi",
    "price": "39999.00",
    "image": "",
    "model_code": "BEVPG 240/241",
    "warranty_code": "2KLM4",
    "price_list": "42105.00",
    "price_cash": "39999.00",
    "campaign_tag": null,
    "warranty_duration_months": 24,
    "stock": 10
  }
},
{
  "model": "products.product",
  "pk": 236,
  "fields": {
    "name": "BEHPG 090/091 - Mono Split Duvar Tipi Klimalar",
    "brand": "",
    "category": 20,
    "description": "9000 Btu/h , Ayarlanabilir Soğutma Kapasitesi Aralığı (Btu/h) 3100~11600, Ayarlanabilir Isıtma Kapasitesi Aralığı (Btu/h) 2800~11500, Enerji Seviyesi -(92/75/EEC) Soğutma A++ / Isıtma A+, Inverter , Yüksek Yoğunluklu Filtre , Aktif Karbon Filtresi, Soğuk Katalizör Filtresi , Wifi bağlantı",
    "price": "20999.00",
    "image": "https://www.bekokibris.com/wp-content/uploads/2023/07/BEVPG-VE-BEEPG.jpg",
    "model_code": "BEHPG 090/091",
    "warranty_code": "2KLM5",
    "price_list": "22105.00",
    "price_cash": "20999.00",
    "campaign_tag": null,
    "warranty_duration_months": 24,
    "stock": 10
  }
},
{
  "model": "products.product",
  "pk": 237,
  "fields": {
    "name": "BEHPG 125/126 - Mono Split Duvar Tipi Klimalar",
    "brand": "",
    "category": 20,
    "description": "12000 Btu/h , Ayarlanabilir Soğutma Kapasitesi Aralığı (Btu/h) 3800~13500, Ayarlanabilir Isıtma Kapasitesi Aralığı (Btu/h) 3700~14300, Enerji Seviyesi -(92/75/EEC) Soğutma A++ / Isıtma A+, Inverter , Yüksek Yoğunluklu Filtre , Aktif Karbon Filtresi, Soğuk Katalizör Filtresi , Wifi bağlantı",
    "price": "22999.00",
    "image": "https://www.bekokibris.com/wp-content/uploads/2023/07/BEVPG-VE-BEEPG.jpg",
    "model_code": "BEHPG 125/126",
    "warranty_code": "2KLM6",
    "price_list": "24210.00",
    "price_cash": "22999.00",
    "campaign_tag": null,
    "warranty_duration_months": 24,
    "stock": 10
  }
},
{
  "model": "products.product",
  "pk": 238,
  "fields": {
    "name": "BEHPG 180/181 - Mono Split Duvar Tipi Klimalar",
    "brand": "",
    "category": 20,
    "description": "18000 Btu/h , Ayarlanabilir Soğutma Kapasitesi Aralığı (Btu/h) 6600~21400, Ayarlanabilir Isıtma Kapasitesi Aralığı (Btu/h) 4400~23900, Enerji Seviyesi -(92/75/EEC) Soğutma A++ / Isıtma A+, Inverter , Yüksek Yoğunluklu Filtre , Aktif Karbon Filtresi, Soğuk Katalizör Filtresi , Wifi bağlantı",
    "price": "31999.00",
    "image": "https://www.bekokibris.com/wp-content/uploads/2023/07/BEVPG-VE-BEEPG.jpg",
    "model_code": "BEHPG 180/181",
    "warranty_code": "2KLM7",
    "price_list": "33685.00",
    "price_cash": "31999.00",
    "campaign_tag": null,
    "warranty_duration_months": 24,
    "stock": 10
  }
},
{
  "model": "products.product",
  "pk": 239,
  "fields": {
    "name": "BEHPG 245/246 - Mono Split Duvar Tipi Klimalar",
    "brand": "",
    "category": 20,
    "description": "24000 Btu/h , Ayarlanabilir Soğutma Kapasitesi Aralığı (Btu/h) 10300~30000, Ayarlanabilir Isıtma Kapasitesi Aralığı (Btu/h) 5200~32300, Enerji Seviyesi -(92/75/EEC) Soğutma A++ / Isıtma A+, Inverter , Yüksek Yoğunluklu Filtre , Aktif Karbon Filtresi, Soğuk Katalizör Filtresi , Wifi bağlantı",
    "price": "40999.00",
    "image": "https://www.bekokibris.com/wp-content/uploads/2023/07/BEVPG-VE-BEEPG.jpg",
    "model_code": "BEHPG 245/246",
    "warranty_code": "2KLM8",
    "price_list": "43160.00",
    "price_cash": "40999.00",
    "campaign_tag": null,
    "warranty_duration_months": 24,
    "stock": 10
  }
},
{
  "model": "products.product",
  "pk": 240,
  "fields": {
    "name": "BEEPG 095/096 - Mono Split Duvar Tipi Klimalar",
    "brand": "",
    "category": 20,
    "description": "9000 Btu/h , Ayarlanabilir Soğutma Kapasitesi Aralığı (Btu/h) 3500~11000, Ayarlanabilir Isıtma Kapasitesi Aralığı (Btu/h) 2800~11500, Enerji Seviyesi -(92/75/EEC) Soğutma A+++ / Isıtma A++, Inverter , Yüksek Yoğunluklu Filtre , Aktif Karbon Filtresi, Soğuk Katalizör Filtresi , Wifi bağlantı",
    "price": "22999.00",
    "image": "",
    "model_code": "BEEPG 095/096",
    "warranty_code": "2KLM6",
    "price_list": "24210.00",
    "price_cash": "22999.00",
    "campaign_tag": null,
    "warranty_duration_months": 24,
    "stock": 10
  }
},
{
  "model": "products.product",
  "pk": 241,
  "fields": {
    "name": "BEEPG 125/126 - Mono Split Duvar Tipi Klimalar",
    "brand": "",
    "category": 20,
    "description": "12000 Btu/h , Ayarlanabilir Soğutma Kapasitesi Aralığı (Btu/h) 4700~14700, Ayarlanabilir Isıtma Kapasitesi Aralığı (Btu/h) 3640~14950, Enerji Seviyesi -(92/75/EEC) Soğutma A+++ / Isıtma A++, Inverter , Yüksek Yoğunluklu Filtre , Aktif Karbon Filtresi, Soğuk Katalizör Filtresi , Wifi bağlantı",
    "price": "24999.00",
    "image": "",
    "model_code": "BEEPG 125/126",
    "warranty_code": "2KLM9",
    "price_list": "26315.00",
    "price_cash": "24999.00",
    "campaign_tag": null,
    "warranty_duration_months": 24,
    "stock": 10
  }
},
{
  "model": "products.product",
  "pk": 242,
  "fields": {
    "name": "BEEPG 180/181 - Mono Split Duvar Tipi Klimalar",
    "brand": "",
    "category": 20,
    "description": "18000 Btu/h , Ayarlanabilir Soğutma Kapasitesi Aralığı (Btu/h) 6800~19800, Ayarlanabilir Isıtma Kapasitesi Aralığı (Btu/h) 4600~21500, Enerji Seviyesi -(92/75/EEC) Soğutma A+++ / Isıtma A++, Inverter , Yüksek Yoğunluklu Filtre , Aktif Karbon Filtresi, Soğuk Katalizör Filtresi , Wifi bağlantı",
    "price": "38999.00",
    "image": "",
    "model_code": "BEEPG 180/181",
    "warranty_code": "2KLM10",
    "price_list": "41055.00",
    "price_cash": "38999.00",
    "campaign_tag": null,
    "warranty_duration_months": 24,
    "stock": 10
  }
},
{
  "model": "products.product",
  "pk": 243,
  "fields": {
    "name": "31826/31825 - Mono Split Duvar Tipi Klimalar",
    "brand": "",
    "category": 20,
    "description": "18000 Btu/h R32  Split soğutma A++ , ısıtma A+ Inverter",
    "price": "25999.00",
    "image": "https://www.beko.com.tr/media/resize/8801151200_MDM2_LOW_1.png/1000Wx1000H/image.webp",
    "model_code": "31826/31825",
    "warranty_code": "2KLM11",
    "price_list": "27370.00",
    "price_cash": "25999.00",
    "campaign_tag": "WEB",
    "warranty_duration_months": 24,
    "stock": 10
  }
},
{
  "model": "products.product",
  "pk": 244,
  "fields": {
    "name": "B32 D 696 B - ANDROID ÖZELLİKLİ HD / FHD TV'LER",
    "brand": "",
    "category": 21,
    "description": "32'/80 cm, HD görüntü, Android TV, 2 x 8/16 W nominal/music power (R/L), NETFLIX, DVB-T2/C/S2, 2 HDMI - 1 USB GİRİŞİ, E, SİYAH",
    "price": "11999.00",
    "image": "",
    "model_code": "B32 D 696 B",
    "warranty_code": "2TV1",
    "price_list": "12635.00",
    "price_cash": "11999.00",
    "campaign_tag": "ÖZEL FİYATLI ÜRÜN",
    "warranty_duration_months": 24,
    "stock": 10
  }
},
{
  "model": "products.product",
  "pk": 245,
  "fields": {
    "name": "B40 D 697 B - ANDROID ÖZELLİKLİ HD / FHD TV'LER",
    "brand": "",
    "category": 21,
    "description": "40'/100 cm, FHD görüntü, Android TV, 2 x 8/16 W nominal/music power (R/L), NETFLIX, DVB-T2/C/S2, 2 HDMI - 1 USB GİRİŞİ, E , SİYAH",
    "price": "15999.00",
    "image": "https://www.beko.com.tr/media/resize/EA4T00_MDM2_LOW_1.png/1000Wx1000H/image.webp",
    "model_code": "B40 D 697 B",
    "warranty_code": "2TV2",
    "price_list": "16845.00",
    "price_cash": "15999.00",
    "campaign_tag": null,
    "warranty_duration_months": 24,
    "stock": 10
  }
},
{
  "model": "products.product",
  "pk": 246,
  "fields": {
    "name": "B43 D 697 B - ANDROID ÖZELLİKLİ HD / FHD TV'LER",
    "brand": "",
    "category": 21,
    "description": "43'/108 cm, FHD görüntü, Android TV, 2 x 8/16 W nominal/music power (R/L), NETFLIX, DVB-T2/C/S2, 2 HDMI - 1 USB GİRİŞİ, D , SİYAH",
    "price": "17999.00",
    "image": "",
    "model_code": "B43 D 697 B",
    "warranty_code": "2TV3",
    "price_list": "18950.00",
    "price_cash": "17999.00",
    "campaign_tag": null,
    "warranty_duration_months": 24,
    "stock": 10
  }
},
{
  "model": "products.product",
  "pk": 247,
  "fields": {
    "name": "B43 E 795 B / B43 D 790 B - 4K , NETFLIX ÖZELLİKLİ ANDROID UHD TV'LER",
    "brand": "",
    "category": 22,
    "description": "43inç, LED TV (108cm), Android, Netflix, Sİyah, Micro Dimming, HDR10+, Dolby Vision,2 x 10 / 20 Watt nominal / müzik gücü, DVB-T2/C/S2, 3 HDMI - 2 USB GİRİŞİ, F, Parlaklık 250 nits",
    "price": "19999.00",
    "image": "https://resim.epey.com/852693/m_beko-b43-d-790-b-9.jpg",
    "model_code": "B43 E 795 B / B43 D 790 B",
    "warranty_code": "2TV4",
    "price_list": "21055.00",
    "price_cash": "19999.00",
    "campaign_tag": "ÖZEL FİYATLI ÜRÜN",
    "warranty_duration_months": 24,
    "stock": 10
  }
},
{
  "model": "products.product",
  "pk": 248,
  "fields": {
    "name": "B50 E 795 B - 4K , NETFLIX ÖZELLİKLİ ANDROID UHD TV'LER",
    "brand": "",
    "category": 22,
    "description": "50inç, LED TV (126cm), Android, Netflix, Sİyah, Micro Dimming, HDR10+, Dolby Vision,2 x 10 / 20 Watt nominal / müzik gücü, DVB-T2/C/S2, 3 HDMI - 2 USB GİRİŞİ, F, Parlaklık 250 nits",
    "price": "21999.00",
    "image": "https://www.beko.com.tr/media/resize/EK2T00_MDM2_LOW_1.png/265Wx265H/image.png",
    "model_code": "B50 E 795 B",
    "warranty_code": "2TV5",
    "price_list": "23160.00",
    "price_cash": "21999.00",
    "campaign_tag": null,
    "warranty_duration_months": 24,
    "stock": 10
  }
},
{
  "model": "products.product",
  "pk": 249,
  "fields": {
    "name": "B65 E 795 B - 4K , NETFLIX ÖZELLİKLİ ANDROID UHD TV'LER",
    "brand": "",
    "category": 22,
    "description": "65inç, LED TV (164cm), Android, Netflix, Siyah, Micro Dimming, HDR10+,Dolby Vision, 2 x 15 / 30 Watt nominal / müzik gücü, DVB-T2/C/S2, 3 HDMI - 2 USB GİRİŞİ, F , Parlaklık 400 nits",
    "price": "36999.00",
    "image": "https://www.beko.com.tr/media/resize/EK4T00_MDM2_LOW_1.png/1000Wx1000H/image.webp",
    "model_code": "B65 E 795 B",
    "warranty_code": "2TV6",
    "price_list": "38950.00",
    "price_cash": "36999.00",
    "campaign_tag": null,
    "warranty_duration_months": 24,
    "stock": 10
  }
},
{
  "model": "products.product",
  "pk": 250,
  "fields": {
    "name": "B75 E 795 B - 4K , NETFLIX ÖZELLİKLİ ANDROID UHD TV'LER",
    "brand": "",
    "category": 22,
    "description": "75inç, LED TV (189cm), Android, Netflix, Siyah, Micro Dimming, HDR10+,Dolby Vision, 2 x 15 / 30 Watt nominal / müzik gücü, DVB-T2/C/S2, 3 HDMI - 2 USB GİRİŞİ, F , Parlaklık 400 nits",
    "price": "49999.00",
    "image": "https://www.beko.com.tr/media/resize/EK5T00_MDM2_LOW_1.png/1000Wx1000H/image.webp",
    "model_code": "B75 E 795 B",
    "warranty_code": "2TV7",
    "price_list": "52635.00",
    "price_cash": "49999.00",
    "campaign_tag": null,
    "warranty_duration_months": 24,
    "stock": 10
  }
},
{
  "model": "products.product",
  "pk": 251,
  "fields": {
    "name": "B55 E 795 B - 4K , NETFLIX ÖZELLİKLİ ANDROID UHD TV'LER",
    "brand": "",
    "category": 22,
    "description": "55inç, LED TV (139cm), Android, Netflix, Sİyah, Micro Dimming, HDR10+, Dolby Vision,2 x 10 / 20 Watt nominal / müzik gücü, DVB-T2/C/S2, 3 HDMI - 2 USB GİRİŞİ, F , Parlaklık 250 nits",
    "price": "21999.00",
    "image": "https://www.beko.com.tr/media/resize/EK3T00_MDM2_LOW_1.png/265Wx265H/image.png",
    "model_code": "B55 E 795 B",
    "warranty_code": "2TV5",
    "price_list": "0.00",
    "price_cash": "21999.00",
    "campaign_tag": "BEKONOMİK NAKİT",
    "warranty_duration_months": 24,
    "stock": 10
  }
},
{
  "model": "products.product",
  "pk": 252,
  "fields": {
    "name": "B50 D 895 A - 4K , NETFLIX ÖZELLİKLİ ANDROID UHD GOOGLE TV'LER",
    "brand": "",
    "category": 23,
    "description": "50inç, LED TV (126cm), Android, Netflix, Dört Çekirdek, Antrasit, Micro Dimming, HDR, 2 x 10 / 20 Watt nominal / müzik gücü, DVB-T2/C/S2, 2 HDMI - 2 USB GİRİŞİ, GÜMÜŞ RENK, F",
    "price": "24999.00",
    "image": "https://www.beko.com.tr/media/resize/AV5T00_MDM2_LOW_1.png/265Wx265H/image.png",
    "model_code": "B50 D 895 A",
    "warranty_code": "2TV8",
    "price_list": "26315.00",
    "price_cash": "24999.00",
    "campaign_tag": "ÖZEL FİYATLI ÜRÜN",
    "warranty_duration_months": 24,
    "stock": 10
  }
},
{
  "model": "products.product",
  "pk": 253,
  "fields": {
    "name": "B55 E 895 A - 4K , NETFLIX ÖZELLİKLİ ANDROID UHD GOOGLE TV'LER",
    "brand": "",
    "category": 23,
    "description": "55inç, LED TV (139cm), Android, Netflix, Micro Dimming, HDR10+, Dolby Vision, 2 x 10 / 20 Watt nominal / müzik gücü, DVB-T2/C/S2, 2 HDMI - 2 USB GİRİŞİ, GÜMÜŞ RENK, F, Parlaklık 300 NITS",
    "price": "27999.00",
    "image": "https://www.beko.com.tr/media/resize/EV5T00_MDM2_LOW_1.png/265Wx265H/image.png",
    "model_code": "B55 E 895 A",
    "warranty_code": "2TV9",
    "price_list": "29475.00",
    "price_cash": "27999.00",
    "campaign_tag": null,
    "warranty_duration_months": 24,
    "stock": 10
  }
},
{
  "model": "products.product",
  "pk": 254,
  "fields": {
    "name": "B65 E 895 A - 4K , NETFLIX ÖZELLİKLİ ANDROID UHD GOOGLE TV'LER",
    "brand": "",
    "category": 23,
    "description": "65inç, LED TV (164cm), Android, Netflix, Micro Dimming, HDR10+, Dolby Vision, 2 x 10 / 20 Watt nominal / müzik gücü, DVB-T2/C/S2, 2 HDMI - 2 USB GİRİŞİ, GÜMÜŞ RENK, F, Parlaklık 300nits",
    "price": "38999.00",
    "image": "https://www.beko.com.tr/media/resize/EV6T00_MDM2_LOW_1.png/265Wx265H/image.png",
    "model_code": "B65 E 895 A",
    "warranty_code": "2TV10",
    "price_list": "41055.00",
    "price_cash": "38999.00",
    "campaign_tag": null,
    "warranty_duration_months": 24,
    "stock": 10
  }
},
{
  "model": "products.product",
  "pk": 255,
  "fields": {
    "name": "B75 E 895 A - 4K , NETFLIX ÖZELLİKLİ ANDROID UHD GOOGLE TV'LER",
    "brand": "",
    "category": 23,
    "description": "75inç, LED TV (189cm), Android, Netflix, Micro Dimming, HDR10+, Dolby Vision, 2 x 15 / 30 Watt nominal / müzik gücü, DVB-T2/C/S2, 2 HDMI - 2 USB GİRİŞİ, GÜMÜŞ RENK, E , Parlaklık 400 nits",
    "price": "51999.00",
    "image": "https://www.beko.com.tr/media/resize/EV7T00_MDM2_LOW_1.png/265Wx265H/image.png",
    "model_code": "B75 E 895 A",
    "warranty_code": "2TV11",
    "price_list": "54740.00",
    "price_cash": "51999.00",
    "campaign_tag": null,
    "warranty_duration_months": 24,
    "stock": 10
  }
},
{
  "model": "products.product",
  "pk": 256,
  "fields": {
    "name": "B55 D 986 S - 9 SERİSİ , 4K , NETFLIX ÖZELLİKLİ ANDROID UHD GOOGLE TV'LER",
    "brand": "",
    "category": 24,
    "description": "55inç LED TV (139 cm) , GOOGLE TV,4K UHD,GÜMÜŞ, ANDROID, NETFLIX, SMART, Wi-Fi, uydu alıcılı,F",
    "price": "24999.00",
    "image": "https://www.beko.com.tr/media/resize/CE3T00_MDM2_LOW_1.png/265Wx265H/image.png",
    "model_code": "B55 D 986 S",
    "warranty_code": "2TV8",
    "price_list": "26315.00",
    "price_cash": "24999.00",
    "campaign_tag": "WEB ÖZEL ",
    "warranty_duration_months": 24,
    "stock": 10
  }
},
{
  "model": "products.product",
  "pk": 257,
  "fields": {
    "name": "B65 D 986 S - 9 SERİSİ , 4K , NETFLIX ÖZELLİKLİ ANDROID UHD GOOGLE TV'LER",
    "brand": "",
    "category": 24,
    "description": "65inç LED TV (164 cm)GOOGLE TV, 4K UHD,, Gümüş, ANDROID, NETFLIX, SMART, Wi-Fi, uydu alıcılı,F",
    "price": "33999.00",
    "image": "https://www.beko.com.tr/media/resize/CE4T00_MDM2_LOW_1.png/265Wx265H/image.png",
    "model_code": "B65 D 986 S",
    "warranty_code": "2TV12",
    "price_list": "35790.00",
    "price_cash": "33999.00",
    "campaign_tag": null,
    "warranty_duration_months": 24,
    "stock": 10
  }
},
{
  "model": "products.product",
  "pk": 258,
  "fields": {
    "name": "B55 QE 988 A - QLED TV'LER",
    "brand": "",
    "category": 25,
    "description": "55inç QLED TV(139 cm)4K UHD,60 Hz,Antrasit,ANDROID GOOGLE,NETFLIX,SMART,WIFI, UYDU ALICILI, F, PARLAKLIK 330 NITS, Micro Dimming, HDR10+, Dolby Vision, 2 x 10 / 20 Watt nominal / müzik gücü, DVB-T2/C/S2, 2 HDMI - 2 USB GİRİŞİ",
    "price": "29999.00",
    "image": "",
    "model_code": "B55 QE 988 A",
    "warranty_code": "2TV13",
    "price_list": "31580.00",
    "price_cash": "29999.00",
    "campaign_tag": "ÖZEL FİYATLI ÜRÜN",
    "warranty_duration_months": 24,
    "stock": 10
  }
},
{
  "model": "products.product",
  "pk": 259,
  "fields": {
    "name": "B65 Q 987 A - QLED TV'LER",
    "brand": "",
    "category": 25,
    "description": "65inç QLED TV(164 cm)4K UHD,60 Hz,Antrasit,ANDROID GOOGLE,NETFLIX,SMART,WIFI, UYDU ALICILI, F, Micro Dimming, HDR10+, Dolby Vision, 2 x 15 / 30 Watt nominal / müzik gücü, DVB-T2/C/S2, 2 HDMI - 2 USB GİRİŞİ",
    "price": "41999.00",
    "image": "",
    "model_code": "B65 Q 987 A",
    "warranty_code": "2TV14",
    "price_list": "44210.00",
    "price_cash": "41999.00",
    "campaign_tag": null,
    "warranty_duration_months": 24,
    "stock": 10
  }
},
{
  "model": "products.product",
  "pk": 260,
  "fields": {
    "name": "B75 QE 988 A - QLED TV'LER",
    "brand": "",
    "category": 25,
    "description": "75inç QLED TV(189 cm)4K UHD,60 Hz,Antrasit,ANDROID GOOGLE,NETFLIX,SMART,WIFI, UYDU ALICILI, F, PARLAKLIK 350 NITS, Micro Dimming, HDR10+, Dolby Vision,Dolby Atmos, 2 x 15 / 30 Watt nominal / müzik gücü, DVB-T2/C/S2, 2 HDMI - 2 USB GİRİŞİ",
    "price": "59999.00",
    "image": "https://www.beko.com.tr/media/resize/FU8T00_MDM2_LOW_1.png/265Wx265H/image.png",
    "model_code": "B75 QE 988 A",
    "warranty_code": "2TV15",
    "price_list": "63160.00",
    "price_cash": "59999.00",
    "campaign_tag": null,
    "warranty_duration_months": 24,
    "stock": 10
  }
},
{
  "model": "products.product",
  "pk": 261,
  "fields": {
    "name": "B55 Q 990 AY - QLED TV'LER",
    "brand": "",
    "category": 25,
    "description": "55inç QLED TV(139 cm)4K UHD,120 Hz,Antrasit,ANDROID GOOGLE,NETFLIX,SMART,WIFI, UYDU ALICILI, G, PARLAKLIK 400 NITS, Micro Dimming, HDR10+, Dolby Vision, 2 x 15 / 30 Watt nominal / müzik gücü, DVB-T2/C/S2, 2 HDMI - 2 USB GİRİŞİ",
    "price": "31999.00",
    "image": "",
    "model_code": "B55 Q 990 AY",
    "warranty_code": "2TV16",
    "price_list": "33685.00",
    "price_cash": "31999.00",
    "campaign_tag": null,
    "warranty_duration_months": 24,
    "stock": 10
  }
},
{
  "model": "products.product",
  "pk": 262,
  "fields": {
    "name": "B65 Q 990 AY - QLED TV'LER",
    "brand": "",
    "category": 25,
    "description": "65inç QLED TV(164 cm)4K UHD,120 Hz,Antrasit,ANDROID GOOGLE,NETFLIX,SMART,WIFI, UYDU ALICILI, G, PARLAKLIK 400 NITS, Micro Dimming, HDR10+, Dolby Vision, 2 x 15 / 30 Watt nominal / müzik gücü, DVB-T2/C/S2, 2 HDMI - 2 USB GİRİŞİ",
    "price": "43999.00",
    "image": "",
    "model_code": "B65 Q 990 AY",
    "warranty_code": "2TV17",
    "price_list": "46315.00",
    "price_cash": "43999.00",
    "campaign_tag": null,
    "warranty_duration_months": 24,
    "stock": 10
  }
},
{
  "model": "products.product",
  "pk": 10001,
  "fields": {
    "name": "Beko Buzdolabı",
    "brand": "Beko",
    "category": null,
    "description": null,
    "price": "10000.00",
    "image": "",
    "model_code": null,
    "warranty_code": null,
    "price_list": null,
    "price_cash": null,
    "campaign_tag": null,
    "warranty_duration_months": 24,
    "stock": 0
  }
},
{
  "model": "products.productownership",
  "pk": 1,
  "fields": {
    "customer": 10004,
    "product": 12,
    "purchase_date": "2026-01-07",
    "serial_number": null
  }
},
{
  "model": "products.productownership",
  "pk": 2,
  "fields": {
    "customer": 10003,
    "product": 13,
    "purchase_date": "2026-01-07",
    "serial_number": null
  }
},
{
  "model": "products.productownership",
  "pk": 3,
  "fields": {
    "customer": 10004,
    "product": 17,
    "purchase_date": "2026-01-07",
    "serial_number": null
  }
},
{
  "model": "products.productownership",
  "pk": 4,
  "fields": {
    "customer": 10009,
    "product": 1,
    "purchase_date": "2026-01-14",
    "serial_number": "AUTO-FIX-19"
  }
},
{
  "model": "products.productownership",
  "pk": 5,
  "fields": {
    "customer": 10009,
    "product": 5,
    "purchase_date": "2026-01-14",
    "serial_number": "AUTO-FIX-18"
  }
},
{
  "model": "products.productownership",
  "pk": 6,
  "fields": {
    "customer": 10010,
    "product": 1,
    "purchase_date": "2025-12-17",
    "serial_number": "SN-001-10010"
  }
},
{
  "model": "products.productownership",
  "pk": 7,
  "fields": {
    "customer": 10011,
    "product": 2,
    "purchase_date": "2025-12-07",
    "serial_number": "SN-002-10011"
  }
},
{
  "model": "products.productownership",
  "pk": 8,
  "fields": {
    "customer": 10012,
    "product": 3,
    "purchase_date": "2025-11-27",
    "serial_number": "SN-003-10012"
  }
},
{
  "model": "products.productownership",
  "pk": 9,
  "fields": {
    "customer": 10013,
    "product": 4,
    "purchase_date": "2025-11-17",
    "serial_number": "SN-004-10013"
  }
},
{
  "model": "products.productownership",
  "pk": 10,
  "fields": {
    "customer": 10014,
    "product": 5,
    "purchase_date": "2025-11-07",
    "serial_number": "SN-005-10014"
  }
},
{
  "model": "products.productownership",
  "pk": 11,
  "fields": {
    "customer": 10015,
    "product": 6,
    "purchase_date": "2025-10-28",
    "serial_number": "SN-006-10015"
  }
},
{
  "model": "products.productownership",
  "pk": 12,
  "fields": {
    "customer": 10016,
    "product": 7,
    "purchase_date": "2025-10-18",
    "serial_number": "SN-007-10016"
  }
},
{
  "model": "products.searchhistory",
  "pk": 1,
  "fields": {
    "customer": 10009,
    "query": "bu",
    "created_at": "2026-01-15T12:42:00.747Z"
  }
},
{
  "model": "products.searchhistory",
  "pk": 2,
  "fields": {
    "customer": 10009,
    "query": "buz",
    "created_at": "2026-01-15T12:42:00.771Z"
  }
},
{
  "model": "products.searchhistory",
  "pk": 3,
  "fields": {
    "customer": 10009,
    "query": "buzdol",
    "created_at": "2026-01-15T12:42:02.608Z"
  }
},
{
  "model": "products.searchhistory",
  "pk": 4,
  "fields": {
    "customer": 10009,
    "query": "buzdolabı",
    "created_at": "2026-01-15T12:42:04.111Z"
  }
},
{
  "model": "products.wishlist",
  "pk": 1,
  "fields": {
    "customer": 10004,
    "created_at": "2026-01-06T15:37:49.521Z",
    "updated_at": "2026-01-06T15:37:49.521Z"
  }
},
{
  "model": "products.wishlist",
  "pk": 2,
  "fields": {
    "customer": 10003,
    "created_at": "2026-01-06T20:09:28.725Z",
    "updated_at": "2026-01-06T20:09:28.725Z"
  }
},
{
  "model": "products.wishlist",
  "pk": 4,
  "fields": {
    "customer": 10009,
    "created_at": "2026-01-09T00:33:00.274Z",
    "updated_at": "2026-01-09T00:33:00.274Z"
  }
},
{
  "model": "products.wishlist",
  "pk": 5,
  "fields": {
    "customer": 10020,
    "created_at": "2026-01-27T14:42:23.243Z",
    "updated_at": "2026-01-27T14:42:23.243Z"
  }
},
{
  "model": "products.wishlist",
  "pk": 6,
  "fields": {
    "customer": 10023,
    "created_at": "2026-03-09T11:55:54.090Z",
    "updated_at": "2026-03-09T11:55:54.090Z"
  }
},
{
  "model": "products.wishlist",
  "pk": 7,
  "fields": {
    "customer": 10024,
    "created_at": "2026-03-19T14:14:42.174Z",
    "updated_at": "2026-03-19T14:14:42.174Z"
  }
},
{
  "model": "products.wishlistitem",
  "pk": 1,
  "fields": {
    "wishlist": 1,
    "product": 2,
    "added_at": "2026-01-06T17:21:36.971Z",
    "note": "",
    "notify_on_price_drop": true,
    "notify_on_restock": true
  }
},
{
  "model": "products.wishlistitem",
  "pk": 5,
  "fields": {
    "wishlist": 1,
    "product": 33,
    "added_at": "2026-01-06T17:49:39.474Z",
    "note": "",
    "notify_on_price_drop": true,
    "notify_on_restock": true
  }
},
{
  "model": "products.wishlistitem",
  "pk": 7,
  "fields": {
    "wishlist": 1,
    "product": 42,
    "added_at": "2026-01-06T17:55:11.089Z",
    "note": "",
    "notify_on_price_drop": true,
    "notify_on_restock": true
  }
},
{
  "model": "products.wishlistitem",
  "pk": 8,
  "fields": {
    "wishlist": 1,
    "product": 132,
    "added_at": "2026-01-06T17:55:19.911Z",
    "note": "",
    "notify_on_price_drop": true,
    "notify_on_restock": true
  }
},
{
  "model": "products.wishlistitem",
  "pk": 9,
  "fields": {
    "wishlist": 1,
    "product": 3,
    "added_at": "2026-01-06T17:56:21.689Z",
    "note": "",
    "notify_on_price_drop": true,
    "notify_on_restock": true
  }
},
{
  "model": "products.wishlistitem",
  "pk": 10,
  "fields": {
    "wishlist": 1,
    "product": 7,
    "added_at": "2026-01-06T17:56:38.277Z",
    "note": "",
    "notify_on_price_drop": true,
    "notify_on_restock": true
  }
},
{
  "model": "products.wishlistitem",
  "pk": 11,
  "fields": {
    "wishlist": 1,
    "product": 8,
    "added_at": "2026-01-06T17:56:42.338Z",
    "note": "",
    "notify_on_price_drop": true,
    "notify_on_restock": true
  }
},
{
  "model": "products.wishlistitem",
  "pk": 12,
  "fields": {
    "wishlist": 1,
    "product": 1,
    "added_at": "2026-01-06T18:11:52.154Z",
    "note": "",
    "notify_on_price_drop": true,
    "notify_on_restock": true
  }
},
{
  "model": "products.wishlistitem",
  "pk": 13,
  "fields": {
    "wishlist": 1,
    "product": 62,
    "added_at": "2026-01-06T18:35:58.567Z",
    "note": "",
    "notify_on_price_drop": true,
    "notify_on_restock": true
  }
},
{
  "model": "products.wishlistitem",
  "pk": 14,
  "fields": {
    "wishlist": 1,
    "product": 61,
    "added_at": "2026-01-06T18:35:59.368Z",
    "note": "",
    "notify_on_price_drop": true,
    "notify_on_restock": true
  }
},
{
  "model": "products.wishlistitem",
  "pk": 16,
  "fields": {
    "wishlist": 2,
    "product": 2,
    "added_at": "2026-01-06T20:10:37.103Z",
    "note": "",
    "notify_on_price_drop": true,
    "notify_on_restock": true
  }
},
{
  "model": "products.wishlistitem",
  "pk": 17,
  "fields": {
    "wishlist": 2,
    "product": 28,
    "added_at": "2026-01-06T20:10:48.734Z",
    "note": "",
    "notify_on_price_drop": true,
    "notify_on_restock": true
  }
},
{
  "model": "products.wishlistitem",
  "pk": 18,
  "fields": {
    "wishlist": 2,
    "product": 29,
    "added_at": "2026-01-06T20:11:11.825Z",
    "note": "",
    "notify_on_price_drop": false,
    "notify_on_restock": false
  }
},
{
  "model": "products.wishlistitem",
  "pk": 22,
  "fields": {
    "wishlist": 4,
    "product": 3,
    "added_at": "2026-01-14T20:05:14.449Z",
    "note": "",
    "notify_on_price_drop": true,
    "notify_on_restock": true
  }
},
{
  "model": "products.viewhistory",
  "pk": 1,
  "fields": {
    "customer": 10004,
    "product": 1,
    "viewed_at": "2026-01-06T18:21:11.680Z",
    "view_count": 22
  }
},
{
  "model": "products.viewhistory",
  "pk": 2,
  "fields": {
    "customer": 10004,
    "product": 2,
    "viewed_at": "2026-01-06T18:25:50.146Z",
    "view_count": 13
  }
},
{
  "model": "products.viewhistory",
  "pk": 3,
  "fields": {
    "customer": 10004,
    "product": 7,
    "viewed_at": "2026-01-06T17:31:13.575Z",
    "view_count": 1
  }
},
{
  "model": "products.viewhistory",
  "pk": 4,
  "fields": {
    "customer": 10004,
    "product": 3,
    "viewed_at": "2026-01-06T17:46:54.858Z",
    "view_count": 2
  }
},
{
  "model": "products.viewhistory",
  "pk": 5,
  "fields": {
    "customer": 10004,
    "product": 148,
    "viewed_at": "2026-01-06T17:33:27.093Z",
    "view_count": 1
  }
},
{
  "model": "products.viewhistory",
  "pk": 6,
  "fields": {
    "customer": 10004,
    "product": 144,
    "viewed_at": "2026-01-06T17:34:09.031Z",
    "view_count": 2
  }
},
{
  "model": "products.viewhistory",
  "pk": 7,
  "fields": {
    "customer": 10004,
    "product": 8,
    "viewed_at": "2026-01-06T18:15:00.059Z",
    "view_count": 11
  }
},
{
  "model": "products.viewhistory",
  "pk": 8,
  "fields": {
    "customer": 10004,
    "product": 143,
    "viewed_at": "2026-01-06T17:50:05.014Z",
    "view_count": 1
  }
},
{
  "model": "products.viewhistory",
  "pk": 9,
  "fields": {
    "customer": 10004,
    "product": 132,
    "viewed_at": "2026-01-06T17:55:20.837Z",
    "view_count": 2
  }
},
{
  "model": "products.viewhistory",
  "pk": 10,
  "fields": {
    "customer": 10004,
    "product": 30,
    "viewed_at": "2026-01-06T17:55:32.211Z",
    "view_count": 2
  }
},
{
  "model": "products.viewhistory",
  "pk": 11,
  "fields": {
    "customer": 10004,
    "product": 33,
    "viewed_at": "2026-01-06T17:57:25.677Z",
    "view_count": 1
  }
},
{
  "model": "products.viewhistory",
  "pk": 12,
  "fields": {
    "customer": 10004,
    "product": 24,
    "viewed_at": "2026-01-06T18:13:55.937Z",
    "view_count": 1
  }
},
{
  "model": "products.viewhistory",
  "pk": 13,
  "fields": {
    "customer": 10004,
    "product": 12,
    "viewed_at": "2026-01-06T18:35:03.099Z",
    "view_count": 1
  }
},
{
  "model": "products.viewhistory",
  "pk": 14,
  "fields": {
    "customer": 10004,
    "product": 22,
    "viewed_at": "2026-01-06T18:36:17.985Z",
    "view_count": 2
  }
},
{
  "model": "products.viewhistory",
  "pk": 15,
  "fields": {
    "customer": 10004,
    "product": 10,
    "viewed_at": "2026-01-06T18:36:30.313Z",
    "view_count": 1
  }
},
{
  "model": "products.viewhistory",
  "pk": 16,
  "fields": {
    "customer": 10003,
    "product": 2,
    "viewed_at": "2026-01-06T20:10:33.564Z",
    "view_count": 2
  }
},
{
  "model": "products.viewhistory",
  "pk": 17,
  "fields": {
    "customer": 10003,
    "product": 28,
    "viewed_at": "2026-01-06T20:10:45.750Z",
    "view_count": 2
  }
},
{
  "model": "products.viewhistory",
  "pk": 19,
  "fields": {
    "customer": 10003,
    "product": 13,
    "viewed_at": "2026-01-09T00:42:13.868Z",
    "view_count": 3
  }
},
{
  "model": "products.viewhistory",
  "pk": 20,
  "fields": {
    "customer": 10003,
    "product": 16,
    "viewed_at": "2026-01-08T20:17:44.963Z",
    "view_count": 1
  }
},
{
  "model": "products.viewhistory",
  "pk": 21,
  "fields": {
    "customer": 10003,
    "product": 1,
    "viewed_at": "2026-01-08T20:21:07.127Z",
    "view_count": 2
  }
},
{
  "model": "products.viewhistory",
  "pk": 22,
  "fields": {
    "customer": 10009,
    "product": 1,
    "viewed_at": "2026-01-15T12:16:18.817Z",
    "view_count": 17
  }
},
{
  "model": "products.viewhistory",
  "pk": 23,
  "fields": {
    "customer": 10009,
    "product": 61,
    "viewed_at": "2026-01-09T00:48:54.186Z",
    "view_count": 2
  }
},
{
  "model": "products.viewhistory",
  "pk": 24,
  "fields": {
    "customer": 10009,
    "product": 30,
    "viewed_at": "2026-01-15T12:45:20.039Z",
    "view_count": 5
  }
},
{
  "model": "products.viewhistory",
  "pk": 25,
  "fields": {
    "customer": 10009,
    "product": 3,
    "viewed_at": "2026-01-15T12:37:36.033Z",
    "view_count": 8
  }
},
{
  "model": "products.viewhistory",
  "pk": 26,
  "fields": {
    "customer": 10009,
    "product": 5,
    "viewed_at": "2026-01-16T10:13:48.445Z",
    "view_count": 19
  }
},
{
  "model": "products.viewhistory",
  "pk": 27,
  "fields": {
    "customer": 10009,
    "product": 2,
    "viewed_at": "2026-01-15T10:57:34.012Z",
    "view_count": 2
  }
},
{
  "model": "products.viewhistory",
  "pk": 28,
  "fields": {
    "customer": 10009,
    "product": 4,
    "viewed_at": "2026-01-15T12:41:56.429Z",
    "view_count": 6
  }
},
{
  "model": "products.viewhistory",
  "pk": 29,
  "fields": {
    "customer": 10009,
    "product": 6,
    "viewed_at": "2026-01-15T12:45:09.528Z",
    "view_count": 2
  }
},
{
  "model": "products.viewhistory",
  "pk": 30,
  "fields": {
    "customer": 10009,
    "product": 16,
    "viewed_at": "2026-01-15T12:45:12.182Z",
    "view_count": 2
  }
},
{
  "model": "products.viewhistory",
  "pk": 31,
  "fields": {
    "customer": 10009,
    "product": 22,
    "viewed_at": "2026-01-15T12:45:13.982Z",
    "view_count": 2
  }
},
{
  "model": "products.viewhistory",
  "pk": 32,
  "fields": {
    "customer": 10009,
    "product": 21,
    "viewed_at": "2026-01-15T12:45:16.617Z",
    "view_count": 2
  }
},
{
  "model": "products.viewhistory",
  "pk": 33,
  "fields": {
    "customer": 10023,
    "product": 1,
    "viewed_at": "2026-03-09T11:56:27.719Z",
    "view_count": 1
  }
},
{
  "model": "products.viewhistory",
  "pk": 34,
  "fields": {
    "customer": 10023,
    "product": 4,
    "viewed_at": "2026-03-09T11:56:31.129Z",
    "view_count": 1
  }
},
{
  "model": "products.viewhistory",
  "pk": 35,
  "fields": {
    "customer": 10023,
    "product": 13,
    "viewed_at": "2026-03-09T11:56:48.497Z",
    "view_count": 1
  }
},
{
  "model": "products.viewhistory",
  "pk": 36,
  "fields": {
    "customer": 10023,
    "product": 18,
    "viewed_at": "2026-03-09T11:56:52.519Z",
    "view_count": 1
  }
},
{
  "model": "products.viewhistory",
  "pk": 37,
  "fields": {
    "customer": 10023,
    "product": 21,
    "viewed_at": "2026-03-09T11:56:58.009Z",
    "view_count": 1
  }
},
{
  "model": "products.viewhistory",
  "pk": 38,
  "fields": {
    "customer": 10023,
    "product": 6,
    "viewed_at": "2026-03-09T11:59:00.670Z",
    "view_count": 1
  }
},
{
  "model": "products.review",
  "pk": 1,
  "fields": {
    "customer": 10009,
    "product": 1,
    "rating": 4,
    "comment": "Fena",
    "created_at": "2026-01-14T23:27:03.401Z",
    "updated_at": "2026-01-14T23:27:14.810Z",
    "is_approved": true
  }
},
{
  "model": "products.review",
  "pk": 2,
  "fields": {
    "customer": 10010,
    "product": 1,
    "rating": 3,
    "comment": "Bu ürünü çok beğendim. Ahmet tarafından test yorumu.",
    "created_at": "2026-01-16T15:41:55.079Z",
    "updated_at": "2026-01-16T15:41:55.079Z",
    "is_approved": true
  }
},
{
  "model": "products.review",
  "pk": 3,
  "fields": {
    "customer": 10011,
    "product": 2,
    "rating": 4,
    "comment": "Bu ürünü çok beğendim. Mehmet tarafından test yorumu.",
    "created_at": "2026-01-16T15:41:55.088Z",
    "updated_at": "2026-01-16T15:41:55.088Z",
    "is_approved": false
  }
},
{
  "model": "products.review",
  "pk": 4,
  "fields": {
    "customer": 10012,
    "product": 3,
    "rating": 5,
    "comment": "Bu ürünü çok beğendim. Ayşe tarafından test yorumu.",
    "created_at": "2026-01-16T15:41:55.094Z",
    "updated_at": "2026-01-16T15:41:55.094Z",
    "is_approved": true
  }
},
{
  "model": "products.review",
  "pk": 5,
  "fields": {
    "customer": 10013,
    "product": 4,
    "rating": 3,
    "comment": "Bu ürünü çok beğendim. Fatma tarafından test yorumu.",
    "created_at": "2026-01-16T15:41:55.100Z",
    "updated_at": "2026-01-16T15:41:55.100Z",
    "is_approved": false
  }
},
{
  "model": "products.review",
  "pk": 6,
  "fields": {
    "customer": 10014,
    "product": 5,
    "rating": 4,
    "comment": "Bu ürünü çok beğendim. Ali tarafından test yorumu.",
    "created_at": "2026-01-16T15:41:55.104Z",
    "updated_at": "2026-01-16T15:41:55.104Z",
    "is_approved": true
  }
},
{
  "model": "products.review",
  "pk": 7,
  "fields": {
    "customer": 10015,
    "product": 6,
    "rating": 5,
    "comment": "Bu ürünü çok beğendim. Zeynep tarafından test yorumu.",
    "created_at": "2026-01-16T15:41:55.110Z",
    "updated_at": "2026-01-16T15:41:55.110Z",
    "is_approved": false
  }
},
{
  "model": "products.review",
  "pk": 8,
  "fields": {
    "customer": 10016,
    "product": 7,
    "rating": 3,
    "comment": "Bu ürünü çok beğendim. Mustafa tarafından test yorumu.",
    "created_at": "2026-01-16T15:41:55.113Z",
    "updated_at": "2026-01-16T15:41:55.113Z",
    "is_approved": true
  }
},
{
  "model": "products.servicerequest",
  "pk": 1,
  "fields": {
    "customer": 10009,
    "product_ownership": 5,
    "request_type": "complaint",
    "status": "in_progress",
    "description": "Kötü",
    "created_at": "2026-01-14T23:28:03.606Z",
    "updated_at": "2026-01-16T10:30:25.477Z",
    "assigned_to": null,
    "resolution_notes": null,
    "resolved_at": null
  }
},
{
  "model": "products.servicerequest",
  "pk": 2,
  "fields": {
    "customer": 10009,
    "product_ownership": 5,
    "request_type": "warranty",
    "status": "completed",
    "description": "Of",
    "created_at": "2026-01-15T12:30:53.373Z",
    "updated_at": "2026-01-16T10:31:35.385Z",
    "assigned_to": null,
    "resolution_notes": "oldu",
    "resolved_at": "2026-01-16T10:31:35.385Z"
  }
},
{
  "model": "products.servicerequest",
  "pk": 3,
  "fields": {
    "customer": 10010,
    "product_ownership": 6,
    "request_type": "repair",
    "status": "pending",
    "description": "Test servis talebi #1 - OTB 51223 M - Tek ve Çift Kapılı Statik Buzdolapları için",
    "created_at": "2026-01-16T15:41:55.133Z",
    "updated_at": "2026-01-16T15:41:55.133Z",
    "assigned_to": null,
    "resolution_notes": null,
    "resolved_at": null
  }
},
{
  "model": "products.servicerequest",
  "pk": 4,
  "fields": {
    "customer": 10011,
    "product_ownership": 7,
    "request_type": "maintenance",
    "status": "pending",
    "description": "Test servis talebi #2 - 754140 MB - Tek ve Çift Kapılı Statik Buzdolapları için",
    "created_at": "2026-01-16T15:41:55.145Z",
    "updated_at": "2026-03-08T22:21:51.117Z",
    "assigned_to": null,
    "resolution_notes": null,
    "resolved_at": null
  }
},
{
  "model": "products.servicerequest",
  "pk": 5,
  "fields": {
    "customer": 10012,
    "product_ownership": 8,
    "request_type": "warranty",
    "status": "completed",
    "description": "Test servis talebi #3 - 854257 MB - Tek ve Çift Kapılı Statik Buzdolapları için",
    "created_at": "2026-01-16T15:41:55.154Z",
    "updated_at": "2026-01-16T15:41:55.154Z",
    "assigned_to": null,
    "resolution_notes": null,
    "resolved_at": null
  }
},
{
  "model": "products.servicerequest",
  "pk": 6,
  "fields": {
    "customer": 10013,
    "product_ownership": 9,
    "request_type": "complaint",
    "status": "pending",
    "description": "Test servis talebi #4 - B 69400 NFK - Neo Frost Buzdolapları için",
    "created_at": "2026-01-16T15:41:55.163Z",
    "updated_at": "2026-01-16T15:41:55.163Z",
    "assigned_to": null,
    "resolution_notes": null,
    "resolved_at": null
  }
},
{
  "model": "products.servicerequest",
  "pk": 7,
  "fields": {
    "customer": 10014,
    "product_ownership": 10,
    "request_type": "repair",
    "status": "pending",
    "description": "Test servis talebi #5 - 970357 MB - Neo Frost Buzdolapları için",
    "created_at": "2026-01-16T15:41:55.173Z",
    "updated_at": "2026-03-08T22:21:47.412Z",
    "assigned_to": null,
    "resolution_notes": null,
    "resolved_at": null
  }
},
{
  "model": "products.servicequeue",
  "pk": 1,
  "fields": {
    "service_request": 1,
    "queue_number": 1,
    "priority": 5,
    "estimated_wait_time": 30,
    "entered_queue_at": "2026-01-14T23:28:03.620Z"
  }
},
{
  "model": "products.servicequeue",
  "pk": 2,
  "fields": {
    "service_request": 2,
    "queue_number": 2,
    "priority": 5,
    "estimated_wait_time": 60,
    "entered_queue_at": "2026-01-15T12:30:53.405Z"
  }
},
{
  "model": "products.servicequeue",
  "pk": 3,
  "fields": {
    "service_request": 3,
    "queue_number": 3,
    "priority": 3,
    "estimated_wait_time": 90,
    "entered_queue_at": "2026-03-08T21:01:01.538Z"
  }
},
{
  "model": "products.servicequeue",
  "pk": 4,
  "fields": {
    "service_request": 4,
    "queue_number": 4,
    "priority": 5,
    "estimated_wait_time": 120,
    "entered_queue_at": "2026-03-08T21:01:01.554Z"
  }
},
{
  "model": "products.servicequeue",
  "pk": 5,
  "fields": {
    "service_request": 6,
    "queue_number": 5,
    "priority": 10,
    "estimated_wait_time": 150,
    "entered_queue_at": "2026-03-08T21:01:01.556Z"
  }
},
{
  "model": "products.servicequeue",
  "pk": 6,
  "fields": {
    "service_request": 7,
    "queue_number": 6,
    "priority": 2,
    "estimated_wait_time": 180,
    "entered_queue_at": "2026-03-08T21:01:01.558Z"
  }
},
{
  "model": "products.notification",
  "pk": 1,
  "fields": {
    "user": 10004,
    "notification_type": "recommendation",
    "title": "Yeni Ürün Önerileri",
    "message": "Size özel 15 yeni ürün önerisi hazırlandı!",
    "is_read": true,
    "created_at": "2026-01-06T17:46:59.976Z",
    "related_product": 3,
    "related_service_request": null
  }
},
{
  "model": "products.notification",
  "pk": 2,
  "fields": {
    "user": 10004,
    "notification_type": "recommendation",
    "title": "Yeni Ürün Önerileri",
    "message": "Size özel 15 yeni ürün önerisi hazırlandı!",
    "is_read": true,
    "created_at": "2026-01-06T17:47:03.237Z",
    "related_product": 3,
    "related_service_request": null
  }
},
{
  "model": "products.notification",
  "pk": 3,
  "fields": {
    "user": 10004,
    "notification_type": "recommendation",
    "title": "Yeni Ürün Önerileri",
    "message": "Size özel 15 yeni ürün önerisi hazırlandı!",
    "is_read": true,
    "created_at": "2026-01-06T17:54:12.968Z",
    "related_product": 3,
    "related_service_request": null
  }
},
{
  "model": "products.notification",
  "pk": 4,
  "fields": {
    "user": 10004,
    "notification_type": "recommendation",
    "title": "Yeni Ürün Önerileri",
    "message": "Size özel 15 yeni ürün önerisi hazırlandı!",
    "is_read": true,
    "created_at": "2026-01-06T17:55:47.466Z",
    "related_product": 3,
    "related_service_request": null
  }
},
{
  "model": "products.notification",
  "pk": 5,
  "fields": {
    "user": 10009,
    "notification_type": "service_update",
    "title": "Servis Talebiniz Alındı",
    "message": "Talep numaranız: SR-1. Sıra numaranız: 1",
    "is_read": false,
    "created_at": "2026-01-14T23:28:03.632Z",
    "related_product": null,
    "related_service_request": 1
  }
},
{
  "model": "products.notification",
  "pk": 6,
  "fields": {
    "user": 10009,
    "notification_type": "service_update",
    "title": "Servis Talebiniz Alındı",
    "message": "Talep numaranız: SR-2. Sıra numaranız: 2",
    "is_read": false,
    "created_at": "2026-01-15T12:30:53.419Z",
    "related_product": null,
    "related_service_request": 2
  }
},
{
  "model": "products.notification",
  "pk": 7,
  "fields": {
    "user": 10009,
    "notification_type": "service_update",
    "title": "Servis Talebiniz İşleme Alındı",
    "message": "Talep SR-2 artık işleme alındı.",
    "is_read": false,
    "created_at": "2026-01-16T10:30:04.135Z",
    "related_product": null,
    "related_service_request": 2
  }
},
{
  "model": "products.notification",
  "pk": 8,
  "fields": {
    "user": 10009,
    "notification_type": "service_update",
    "title": "Servis Talebiniz İşleme Alındı",
    "message": "Talep SR-1 artık işleme alındı.",
    "is_read": false,
    "created_at": "2026-01-16T10:30:25.483Z",
    "related_product": null,
    "related_service_request": 1
  }
},
{
  "model": "products.notification",
  "pk": 9,
  "fields": {
    "user": 10009,
    "notification_type": "service_update",
    "title": "Servis Talebiniz Tamamlandı",
    "message": "Talep SR-2 başarıyla tamamlandı.",
    "is_read": false,
    "created_at": "2026-01-16T10:31:35.395Z",
    "related_product": null,
    "related_service_request": 2
  }
},
{
  "model": "products.recommendation",
  "pk": 46,
  "fields": {
    "customer": 10004,
    "product": 3,
    "score": 0.7,
    "reason": "ML-based personalized recommendation",
    "created_at": "2026-01-06T17:55:47.451Z",
    "is_shown": false,
    "clicked": false
  }
},
{
  "model": "products.recommendation",
  "pk": 47,
  "fields": {
    "customer": 10004,
    "product": 1,
    "score": 0.6935665097061955,
    "reason": "ML-based personalized recommendation",
    "created_at": "2026-01-06T17:55:47.452Z",
    "is_shown": false,
    "clicked": false
  }
},
{
  "model": "products.recommendation",
  "pk": 48,
  "fields": {
    "customer": 10004,
    "product": 2,
    "score": 0.6714144847106092,
    "reason": "ML-based personalized recommendation",
    "created_at": "2026-01-06T17:55:47.453Z",
    "is_shown": false,
    "clicked": false
  }
},
{
  "model": "products.recommendation",
  "pk": 49,
  "fields": {
    "customer": 10004,
    "product": 7,
    "score": 0.4853853279985907,
    "reason": "ML-based personalized recommendation",
    "created_at": "2026-01-06T17:55:47.454Z",
    "is_shown": false,
    "clicked": false
  }
},
{
  "model": "products.recommendation",
  "pk": 50,
  "fields": {
    "customer": 10004,
    "product": 8,
    "score": 0.4669950870127728,
    "reason": "ML-based personalized recommendation",
    "created_at": "2026-01-06T17:55:47.455Z",
    "is_shown": false,
    "clicked": false
  }
},
{
  "model": "products.recommendation",
  "pk": 51,
  "fields": {
    "customer": 10004,
    "product": 143,
    "score": 0.4658345319349799,
    "reason": "ML-based personalized recommendation",
    "created_at": "2026-01-06T17:55:47.456Z",
    "is_shown": false,
    "clicked": false
  }
},
{
  "model": "products.recommendation",
  "pk": 52,
  "fields": {
    "customer": 10004,
    "product": 144,
    "score": 0.4633566428824393,
    "reason": "ML-based personalized recommendation",
    "created_at": "2026-01-06T17:55:47.458Z",
    "is_shown": false,
    "clicked": false
  }
},
{
  "model": "products.recommendation",
  "pk": 53,
  "fields": {
    "customer": 10004,
    "product": 24,
    "score": 0.43730097870043794,
    "reason": "ML-based personalized recommendation",
    "created_at": "2026-01-06T17:55:47.459Z",
    "is_shown": false,
    "clicked": false
  }
},
{
  "model": "products.recommendation",
  "pk": 54,
  "fields": {
    "customer": 10004,
    "product": 132,
    "score": 0.4345030551267306,
    "reason": "ML-based personalized recommendation",
    "created_at": "2026-01-06T17:55:47.460Z",
    "is_shown": false,
    "clicked": false
  }
},
{
  "model": "products.recommendation",
  "pk": 55,
  "fields": {
    "customer": 10004,
    "product": 5,
    "score": 0.4338666323079652,
    "reason": "ML-based personalized recommendation",
    "created_at": "2026-01-06T17:55:47.461Z",
    "is_shown": false,
    "clicked": false
  }
},
{
  "model": "products.recommendation",
  "pk": 56,
  "fields": {
    "customer": 10004,
    "product": 10,
    "score": 0.4201345807557097,
    "reason": "ML-based personalized recommendation",
    "created_at": "2026-01-06T17:55:47.462Z",
    "is_shown": false,
    "clicked": false
  }
},
{
  "model": "products.recommendation",
  "pk": 57,
  "fields": {
    "customer": 10004,
    "product": 6,
    "score": 0.4108123012846941,
    "reason": "ML-based personalized recommendation",
    "created_at": "2026-01-06T17:55:47.463Z",
    "is_shown": false,
    "clicked": false
  }
},
{
  "model": "products.recommendation",
  "pk": 58,
  "fields": {
    "customer": 10004,
    "product": 9,
    "score": 0.4085807442658561,
    "reason": "ML-based personalized recommendation",
    "created_at": "2026-01-06T17:55:47.464Z",
    "is_shown": false,
    "clicked": false
  }
},
{
  "model": "products.recommendation",
  "pk": 59,
  "fields": {
    "customer": 10004,
    "product": 25,
    "score": 0.4056168808490499,
    "reason": "ML-based personalized recommendation",
    "created_at": "2026-01-06T17:55:47.465Z",
    "is_shown": false,
    "clicked": false
  }
},
{
  "model": "products.recommendation",
  "pk": 60,
  "fields": {
    "customer": 10004,
    "product": 134,
    "score": 0.40554526134576374,
    "reason": "ML-based personalized recommendation",
    "created_at": "2026-01-06T17:55:47.466Z",
    "is_shown": false,
    "clicked": false
  }
},
{
  "model": "products.recommendation",
  "pk": 61,
  "fields": {
    "customer": 10009,
    "product": 5,
    "score": 9.2,
    "reason": "Aramalarınıza göre",
    "created_at": "2026-01-15T12:47:20.289Z",
    "is_shown": false,
    "clicked": false
  }
},
{
  "model": "products.recommendation",
  "pk": 62,
  "fields": {
    "customer": 10009,
    "product": 6,
    "score": 9.19287862476889,
    "reason": "Aramalarınıza göre",
    "created_at": "2026-01-15T12:47:20.295Z",
    "is_shown": false,
    "clicked": false
  }
},
{
  "model": "products.recommendation",
  "pk": 63,
  "fields": {
    "customer": 10009,
    "product": 24,
    "score": 9.182602958408221,
    "reason": "Aramalarınıza göre",
    "created_at": "2026-01-15T12:47:20.297Z",
    "is_shown": false,
    "clicked": false
  }
},
{
  "model": "products.recommendation",
  "pk": 64,
  "fields": {
    "customer": 10009,
    "product": 22,
    "score": 9.174695218720212,
    "reason": "Aramalarınıza göre",
    "created_at": "2026-01-15T12:47:20.298Z",
    "is_shown": false,
    "clicked": false
  }
},
{
  "model": "products.recommendation",
  "pk": 65,
  "fields": {
    "customer": 10009,
    "product": 7,
    "score": 9.166196178214495,
    "reason": "Aramalarınıza göre",
    "created_at": "2026-01-15T12:47:20.299Z",
    "is_shown": false,
    "clicked": false
  }
},
{
  "model": "products.recommendation",
  "pk": 66,
  "fields": {
    "customer": 10009,
    "product": 27,
    "score": 9.14735879245488,
    "reason": "Aramalarınıza göre",
    "created_at": "2026-01-15T12:47:20.301Z",
    "is_shown": false,
    "clicked": false
  }
},
{
  "model": "products.recommendation",
  "pk": 67,
  "fields": {
    "customer": 10009,
    "product": 10,
    "score": 9.147324106365886,
    "reason": "Aramalarınıza göre",
    "created_at": "2026-01-15T12:47:20.302Z",
    "is_shown": false,
    "clicked": false
  }
},
{
  "model": "products.recommendation",
  "pk": 68,
  "fields": {
    "customer": 10009,
    "product": 25,
    "score": 9.140041436555297,
    "reason": "Aramalarınıza göre",
    "created_at": "2026-01-15T12:47:20.303Z",
    "is_shown": false,
    "clicked": false
  }
},
{
  "model": "products.recommendation",
  "pk": 69,
  "fields": {
    "customer": 10009,
    "product": 23,
    "score": 9.133872630999496,
    "reason": "Aramalarınıza göre",
    "created_at": "2026-01-15T12:47:20.303Z",
    "is_shown": false,
    "clicked": false
  }
},
{
  "model": "products.recommendation",
  "pk": 70,
  "fields": {
    "customer": 10009,
    "product": 8,
    "score": 9.114814080602258,
    "reason": "Aramalarınıza göre",
    "created_at": "2026-01-15T12:47:20.304Z",
    "is_shown": false,
    "clicked": false
  }
},
{
  "model": "products.recommendation",
  "pk": 71,
  "fields": {
    "customer": 10020,
    "product": 10001,
    "score": 0.5,
    "reason": "Popüler Ürünler",
    "created_at": "2026-01-27T16:18:05.359Z",
    "is_shown": false,
    "clicked": false
  }
},
{
  "model": "products.recommendation",
  "pk": 72,
  "fields": {
    "customer": 10020,
    "product": 262,
    "score": 0.5,
    "reason": "Popüler Ürünler",
    "created_at": "2026-01-27T16:18:05.364Z",
    "is_shown": false,
    "clicked": false
  }
},
{
  "model": "products.recommendation",
  "pk": 73,
  "fields": {
    "customer": 10020,
    "product": 261,
    "score": 0.5,
    "reason": "Popüler Ürünler",
    "created_at": "2026-01-27T16:18:05.365Z",
    "is_shown": false,
    "clicked": false
  }
},
{
  "model": "products.recommendation",
  "pk": 74,
  "fields": {
    "customer": 10020,
    "product": 260,
    "score": 0.5,
    "reason": "Popüler Ürünler",
    "created_at": "2026-01-27T16:18:05.366Z",
    "is_shown": false,
    "clicked": false
  }
},
{
  "model": "products.recommendation",
  "pk": 75,
  "fields": {
    "customer": 10020,
    "product": 259,
    "score": 0.5,
    "reason": "Popüler Ürünler",
    "created_at": "2026-01-27T16:18:05.367Z",
    "is_shown": false,
    "clicked": false
  }
},
{
  "model": "products.recommendation",
  "pk": 76,
  "fields": {
    "customer": 10020,
    "product": 258,
    "score": 0.5,
    "reason": "Popüler Ürünler",
    "created_at": "2026-01-27T16:18:05.368Z",
    "is_shown": false,
    "clicked": false
  }
},
{
  "model": "products.recommendation",
  "pk": 77,
  "fields": {
    "customer": 10020,
    "product": 257,
    "score": 0.5,
    "reason": "Popüler Ürünler",
    "created_at": "2026-01-27T16:18:05.369Z",
    "is_shown": false,
    "clicked": false
  }
},
{
  "model": "products.recommendation",
  "pk": 78,
  "fields": {
    "customer": 10020,
    "product": 256,
    "score": 0.5,
    "reason": "Popüler Ürünler",
    "created_at": "2026-01-27T16:18:05.370Z",
    "is_shown": false,
    "clicked": false
  }
},
{
  "model": "products.recommendation",
  "pk": 79,
  "fields": {
    "customer": 10020,
    "product": 255,
    "score": 0.5,
    "reason": "Popüler Ürünler",
    "created_at": "2026-01-27T16:18:05.371Z",
    "is_shown": false,
    "clicked": false
  }
},
{
  "model": "products.recommendation",
  "pk": 80,
  "fields": {
    "customer": 10020,
    "product": 254,
    "score": 0.5,
    "reason": "Popüler Ürünler",
    "created_at": "2026-01-27T16:18:05.372Z",
    "is_shown": false,
    "clicked": false
  }
},
{
  "model": "products.deliveryroute",
  "pk": 1,
  "fields": {
    "date": "2026-01-06",
    "assigned_driver": null,
    "status": "PLANNED",
    "store_address": "Beko Mağaza, Lefkoşa",
    "store_lat": "35.1856000",
    "store_lng": "33.3823000",
    "total_distance_km": "15.45",
    "total_duration_min": 22,
    "route_polyline": null,
    "is_optimized": true,
    "optimized_at": "2026-01-06T21:40:06.028Z",
    "created_at": "2026-01-06T21:40:06.005Z"
  }
},
{
  "model": "products.deliveryroute",
  "pk": 2,
  "fields": {
    "date": "2026-03-08",
    "assigned_driver": 10020,
    "status": "PLANNED",
    "store_address": "ilk depom",
    "store_lat": "35.1856000",
    "store_lng": "33.3823000",
    "total_distance_km": "51.11",
    "total_duration_min": 86,
    "route_polyline": null,
    "is_optimized": true,
    "optimized_at": "2026-03-07T20:11:29.671Z",
    "created_at": "2026-03-07T20:11:29.672Z"
  }
},
{
  "model": "products.deliveryroute",
  "pk": 6,
  "fields": {
    "date": "2026-03-10",
    "assigned_driver": 10023,
    "status": "PLANNED",
    "store_address": "ilk depom",
    "store_lat": "35.1856000",
    "store_lng": "33.3823000",
    "total_distance_km": "51.54",
    "total_duration_min": 87,
    "route_polyline": null,
    "is_optimized": true,
    "optimized_at": "2026-03-09T12:01:45.122Z",
    "created_at": "2026-03-09T12:01:45.123Z"
  }
},
{
  "model": "products.deliveryroute",
  "pk": 7,
  "fields": {
    "date": "2026-03-19",
    "assigned_driver": 10024,
    "status": "IN_PROGRESS",
    "store_address": "ilk depom",
    "store_lat": "35.1856000",
    "store_lng": "33.3823000",
    "total_distance_km": "54.11",
    "total_duration_min": 101,
    "route_polyline": null,
    "is_optimized": true,
    "optimized_at": "2026-03-19T13:58:39.943Z",
    "created_at": "2026-03-19T13:58:39.945Z"
  }
},
{
  "model": "products.deliveryroutestop",
  "pk": 10,
  "fields": {
    "route": 7,
    "delivery": 99,
    "stop_order": 1,
    "distance_from_previous_km": "4.31",
    "duration_from_previous_min": 11,
    "estimated_arrival": null
  }
},
{
  "model": "products.deliveryroutestop",
  "pk": 11,
  "fields": {
    "route": 7,
    "delivery": 100,
    "stop_order": 2,
    "distance_from_previous_km": "16.01",
    "duration_from_previous_min": 29,
    "estimated_arrival": null
  }
},
{
  "model": "products.deliveryroutestop",
  "pk": 12,
  "fields": {
    "route": 7,
    "delivery": 98,
    "stop_order": 3,
    "distance_from_previous_km": "0.45",
    "duration_from_previous_min": 5,
    "estimated_arrival": null
  }
},
{
  "model": "products.deliveryroutestop",
  "pk": 13,
  "fields": {
    "route": 7,
    "delivery": 101,
    "stop_order": 4,
    "distance_from_previous_km": "33.35",
    "duration_from_previous_min": 55,
    "estimated_arrival": null
  }
},
{
  "model": "products.productassignment",
  "pk": 42,
  "fields": {
    "customer": 10016,
    "product": 7,
    "quantity": 1,
    "assigned_at": "2026-01-16T15:41:55.021Z",
    "assigned_by": null,
    "status": "OUT_FOR_DELIVERY",
    "notes": "Test verisi - Otomatik oluşturuldu"
  }
},
{
  "model": "products.productassignment",
  "pk": 43,
  "fields": {
    "customer": 10017,
    "product": 1,
    "quantity": 1,
    "assigned_at": "2026-01-16T15:41:55.038Z",
    "assigned_by": null,
    "status": "DELIVERED",
    "notes": "Test verisi - Otomatik oluşturuldu"
  }
},
{
  "model": "products.productassignment",
  "pk": 44,
  "fields": {
    "customer": 10018,
    "product": 2,
    "quantity": 1,
    "assigned_at": "2026-01-16T15:41:55.049Z",
    "assigned_by": null,
    "status": "DELIVERED",
    "notes": "Test verisi - Otomatik oluşturuldu"
  }
},
{
  "model": "products.productassignment",
  "pk": 45,
  "fields": {
    "customer": 10019,
    "product": 3,
    "quantity": 1,
    "assigned_at": "2026-01-16T15:41:55.062Z",
    "assigned_by": null,
    "status": "DELIVERED",
    "notes": "Test verisi - Otomatik oluşturuldu"
  }
},
{
  "model": "products.productassignment",
  "pk": 57,
  "fields": {
    "customer": 10003,
    "product": 15,
    "quantity": 1,
    "assigned_at": "2026-01-16T20:17:42.260Z",
    "assigned_by": 10002,
    "status": "OUT_FOR_DELIVERY",
    "notes": ""
  }
},
{
  "model": "products.productassignment",
  "pk": 58,
  "fields": {
    "customer": 10009,
    "product": 75,
    "quantity": 1,
    "assigned_at": "2026-01-16T20:17:51.062Z",
    "assigned_by": 10002,
    "status": "OUT_FOR_DELIVERY",
    "notes": ""
  }
},
{
  "model": "products.productassignment",
  "pk": 59,
  "fields": {
    "customer": 10013,
    "product": 15,
    "quantity": 1,
    "assigned_at": "2026-01-16T20:17:59.695Z",
    "assigned_by": 10002,
    "status": "OUT_FOR_DELIVERY",
    "notes": ""
  }
},
{
  "model": "products.productassignment",
  "pk": 60,
  "fields": {
    "customer": 10012,
    "product": 141,
    "quantity": 1,
    "assigned_at": "2026-01-21T12:43:55.902Z",
    "assigned_by": 10002,
    "status": "OUT_FOR_DELIVERY",
    "notes": ""
  }
},
{
  "model": "products.productassignment",
  "pk": 65,
  "fields": {
    "customer": 10003,
    "product": 1,
    "quantity": 1,
    "assigned_at": "2026-01-27T15:57:16.286Z",
    "assigned_by": null,
    "status": "PENDING",
    "notes": null
  }
},
{
  "model": "products.productassignment",
  "pk": 66,
  "fields": {
    "customer": 10004,
    "product": 2,
    "quantity": 1,
    "assigned_at": "2026-01-27T15:57:16.343Z",
    "assigned_by": null,
    "status": "PENDING",
    "notes": null
  }
},
{
  "model": "products.productassignment",
  "pk": 68,
  "fields": {
    "customer": 10003,
    "product": 2,
    "quantity": 1,
    "assigned_at": "2026-03-07T20:08:04.372Z",
    "assigned_by": null,
    "status": "SCHEDULED",
    "notes": ""
  }
},
{
  "model": "products.productassignment",
  "pk": 69,
  "fields": {
    "customer": 10004,
    "product": 5,
    "quantity": 1,
    "assigned_at": "2026-03-07T20:08:57.319Z",
    "assigned_by": null,
    "status": "SCHEDULED",
    "notes": ""
  }
},
{
  "model": "products.productassignment",
  "pk": 70,
  "fields": {
    "customer": 10009,
    "product": 7,
    "quantity": 1,
    "assigned_at": "2026-03-07T20:09:18.372Z",
    "assigned_by": null,
    "status": "SCHEDULED",
    "notes": ""
  }
},
{
  "model": "products.productassignment",
  "pk": 71,
  "fields": {
    "customer": 10003,
    "product": 3,
    "quantity": 1,
    "assigned_at": "2026-03-09T12:01:23.935Z",
    "assigned_by": null,
    "status": "SCHEDULED",
    "notes": ""
  }
},
{
  "model": "products.productassignment",
  "pk": 72,
  "fields": {
    "customer": 10004,
    "product": 7,
    "quantity": 1,
    "assigned_at": "2026-03-09T12:01:30.955Z",
    "assigned_by": null,
    "status": "SCHEDULED",
    "notes": ""
  }
},
{
  "model": "products.depotlocation",
  "pk": 1,
  "fields": {
    "name": "ilk depom",
    "latitude": "35.1856000",
    "longitude": "33.3823000",
    "is_default": true,
    "created_by": 10002,
    "created_at": "2026-01-08T21:19:53.284Z",
    "updated_at": "2026-01-08T22:33:48.108Z"
  }
},
{
  "model": "products.depotlocation",
  "pk": 2,
  "fields": {
    "name": "Test Depo",
    "latitude": "35.1000000",
    "longitude": "33.3000000",
    "is_default": false,
    "created_by": 10002,
    "created_at": "2026-01-08T21:41:47.936Z",
    "updated_at": "2026-01-08T21:41:47.937Z"
  }
},
{
  "model": "products.delivery",
  "pk": 98,
  "fields": {
    "assignment": 60,
    "scheduled_date": "2026-03-19",
    "time_window_start": null,
    "time_window_end": null,
    "address": null,
    "address_lat": null,
    "address_lng": null,
    "status": "OUT_FOR_DELIVERY",
    "delivered_at": null,
    "delivered_by": 10024,
    "depot": null,
    "delivery_order": 3,
    "route_batch_id": null,
    "distance_km": null,
    "eta_minutes": null,
    "customer_phone_snapshot": null,
    "address_snapshot": null,
    "created_at": "2026-03-19T13:58:33.268Z",
    "updated_at": "2026-03-19T13:58:33.268Z"
  }
},
{
  "model": "products.delivery",
  "pk": 99,
  "fields": {
    "assignment": 59,
    "scheduled_date": "2026-03-19",
    "time_window_start": null,
    "time_window_end": null,
    "address": null,
    "address_lat": null,
    "address_lng": null,
    "status": "OUT_FOR_DELIVERY",
    "delivered_at": null,
    "delivered_by": 10024,
    "depot": null,
    "delivery_order": 1,
    "route_batch_id": null,
    "distance_km": null,
    "eta_minutes": null,
    "customer_phone_snapshot": null,
    "address_snapshot": null,
    "created_at": "2026-03-19T13:58:33.319Z",
    "updated_at": "2026-03-19T13:58:33.319Z"
  }
},
{
  "model": "products.delivery",
  "pk": 100,
  "fields": {
    "assignment": 58,
    "scheduled_date": "2026-03-19",
    "time_window_start": null,
    "time_window_end": null,
    "address": null,
    "address_lat": null,
    "address_lng": null,
    "status": "OUT_FOR_DELIVERY",
    "delivered_at": null,
    "delivered_by": 10024,
    "depot": null,
    "delivery_order": 2,
    "route_batch_id": null,
    "distance_km": null,
    "eta_minutes": null,
    "customer_phone_snapshot": null,
    "address_snapshot": null,
    "created_at": "2026-03-19T13:58:33.326Z",
    "updated_at": "2026-03-19T13:58:33.326Z"
  }
},
{
  "model": "products.delivery",
  "pk": 101,
  "fields": {
    "assignment": 57,
    "scheduled_date": "2026-03-19",
    "time_window_start": null,
    "time_window_end": null,
    "address": null,
    "address_lat": null,
    "address_lng": null,
    "status": "OUT_FOR_DELIVERY",
    "delivered_at": null,
    "delivered_by": 10024,
    "depot": null,
    "delivery_order": 4,
    "route_batch_id": null,
    "distance_km": null,
    "eta_minutes": null,
    "customer_phone_snapshot": null,
    "address_snapshot": null,
    "created_at": "2026-03-19T13:58:33.331Z",
    "updated_at": "2026-03-19T13:58:33.331Z"
  }
},
{
  "model": "products.installmentplan",
  "pk": 1,
  "fields": {
    "customer": 10003,
    "product": 13,
    "total_amount": "51999.00",
    "down_payment": "10000.00",
    "installment_count": 9,
    "start_date": "2026-01-14",
    "status": "active",
    "notes": null,
    "created_by": 10002,
    "created_at": "2026-01-14T22:45:54.387Z",
    "updated_at": "2026-01-14T22:45:54.387Z"
  }
},
{
  "model": "products.installmentplan",
  "pk": 2,
  "fields": {
    "customer": 10009,
    "product": 17,
    "total_amount": "66999.00",
    "down_payment": "5000.00",
    "installment_count": 9,
    "start_date": "2026-01-16",
    "status": "active",
    "notes": null,
    "created_by": 10002,
    "created_at": "2026-01-16T10:39:28.362Z",
    "updated_at": "2026-01-16T10:39:28.362Z"
  }
},
{
  "model": "products.installmentplan",
  "pk": 3,
  "fields": {
    "customer": 10009,
    "product": 17,
    "total_amount": "66999.00",
    "down_payment": "10000.00",
    "installment_count": 9,
    "start_date": "2026-01-16",
    "status": "active",
    "notes": null,
    "created_by": 10002,
    "created_at": "2026-01-16T14:03:26.502Z",
    "updated_at": "2026-01-16T14:03:26.502Z"
  }
},
{
  "model": "products.installment",
  "pk": 1,
  "fields": {
    "plan": 1,
    "installment_number": 1,
    "amount": "4666.56",
    "due_date": "2026-02-13",
    "payment_date": null,
    "status": "pending",
    "customer_confirmed_at": null,
    "admin_confirmed_at": null
  }
},
{
  "model": "products.installment",
  "pk": 2,
  "fields": {
    "plan": 1,
    "installment_number": 2,
    "amount": "4666.56",
    "due_date": "2026-03-15",
    "payment_date": null,
    "status": "pending",
    "customer_confirmed_at": null,
    "admin_confirmed_at": null
  }
},
{
  "model": "products.installment",
  "pk": 3,
  "fields": {
    "plan": 1,
    "installment_number": 3,
    "amount": "4666.56",
    "due_date": "2026-04-14",
    "payment_date": null,
    "status": "pending",
    "customer_confirmed_at": null,
    "admin_confirmed_at": null
  }
},
{
  "model": "products.installment",
  "pk": 4,
  "fields": {
    "plan": 1,
    "installment_number": 4,
    "amount": "4666.56",
    "due_date": "2026-05-14",
    "payment_date": null,
    "status": "pending",
    "customer_confirmed_at": null,
    "admin_confirmed_at": null
  }
},
{
  "model": "products.installment",
  "pk": 5,
  "fields": {
    "plan": 1,
    "installment_number": 5,
    "amount": "4666.56",
    "due_date": "2026-06-13",
    "payment_date": null,
    "status": "pending",
    "customer_confirmed_at": null,
    "admin_confirmed_at": null
  }
},
{
  "model": "products.installment",
  "pk": 6,
  "fields": {
    "plan": 1,
    "installment_number": 6,
    "amount": "4666.56",
    "due_date": "2026-07-13",
    "payment_date": null,
    "status": "pending",
    "customer_confirmed_at": null,
    "admin_confirmed_at": null
  }
},
{
  "model": "products.installment",
  "pk": 7,
  "fields": {
    "plan": 1,
    "installment_number": 7,
    "amount": "4666.56",
    "due_date": "2026-08-12",
    "payment_date": null,
    "status": "pending",
    "customer_confirmed_at": null,
    "admin_confirmed_at": null
  }
},
{
  "model": "products.installment",
  "pk": 8,
  "fields": {
    "plan": 1,
    "installment_number": 8,
    "amount": "4666.56",
    "due_date": "2026-09-11",
    "payment_date": null,
    "status": "pending",
    "customer_confirmed_at": null,
    "admin_confirmed_at": null
  }
},
{
  "model": "products.installment",
  "pk": 9,
  "fields": {
    "plan": 1,
    "installment_number": 9,
    "amount": "4666.56",
    "due_date": "2026-10-11",
    "payment_date": null,
    "status": "pending",
    "customer_confirmed_at": null,
    "admin_confirmed_at": null
  }
},
{
  "model": "products.installment",
  "pk": 10,
  "fields": {
    "plan": 2,
    "installment_number": 1,
    "amount": "6888.78",
    "due_date": "2026-02-15",
    "payment_date": "2026-01-16",
    "status": "paid",
    "customer_confirmed_at": "2026-01-16T12:25:44.683Z",
    "admin_confirmed_at": "2026-01-16T12:26:12.591Z"
  }
},
{
  "model": "products.installment",
  "pk": 11,
  "fields": {
    "plan": 2,
    "installment_number": 2,
    "amount": "6888.78",
    "due_date": "2026-03-17",
    "payment_date": "2026-01-16",
    "status": "paid",
    "customer_confirmed_at": "2026-01-16T12:26:21.816Z",
    "admin_confirmed_at": "2026-01-16T12:26:29.880Z"
  }
},
{
  "model": "products.installment",
  "pk": 12,
  "fields": {
    "plan": 2,
    "installment_number": 3,
    "amount": "6888.78",
    "due_date": "2026-04-16",
    "payment_date": "2026-01-16",
    "status": "paid",
    "customer_confirmed_at": "2026-01-16T12:26:31.818Z",
    "admin_confirmed_at": "2026-01-16T12:27:34.564Z"
  }
},
{
  "model": "products.installment",
  "pk": 13,
  "fields": {
    "plan": 2,
    "installment_number": 4,
    "amount": "6888.78",
    "due_date": "2026-05-16",
    "payment_date": null,
    "status": "customer_confirmed",
    "customer_confirmed_at": "2026-01-16T12:27:14.659Z",
    "admin_confirmed_at": null
  }
},
{
  "model": "products.installment",
  "pk": 14,
  "fields": {
    "plan": 2,
    "installment_number": 5,
    "amount": "6888.78",
    "due_date": "2026-06-15",
    "payment_date": null,
    "status": "pending",
    "customer_confirmed_at": null,
    "admin_confirmed_at": null
  }
},
{
  "model": "products.installment",
  "pk": 15,
  "fields": {
    "plan": 2,
    "installment_number": 6,
    "amount": "6888.78",
    "due_date": "2026-07-15",
    "payment_date": null,
    "status": "pending",
    "customer_confirmed_at": null,
    "admin_confirmed_at": null
  }
},
{
  "model": "products.installment",
  "pk": 16,
  "fields": {
    "plan": 2,
    "installment_number": 7,
    "amount": "6888.78",
    "due_date": "2026-08-14",
    "payment_date": null,
    "status": "pending",
    "customer_confirmed_at": null,
    "admin_confirmed_at": null
  }
},
{
  "model": "products.installment",
  "pk": 17,
  "fields": {
    "plan": 2,
    "installment_number": 8,
    "amount": "6888.78",
    "due_date": "2026-09-13",
    "payment_date": null,
    "status": "pending",
    "customer_confirmed_at": null,
    "admin_confirmed_at": null
  }
},
{
  "model": "products.installment",
  "pk": 18,
  "fields": {
    "plan": 2,
    "installment_number": 9,
    "amount": "6888.78",
    "due_date": "2026-10-13",
    "payment_date": null,
    "status": "pending",
    "customer_confirmed_at": null,
    "admin_confirmed_at": null
  }
},
{
  "model": "products.installment",
  "pk": 19,
  "fields": {
    "plan": 3,
    "installment_number": 1,
    "amount": "6333.22",
    "due_date": "2026-02-15",
    "payment_date": "2026-01-16",
    "status": "paid",
    "customer_confirmed_at": "2026-01-16T14:03:49.957Z",
    "admin_confirmed_at": "2026-01-16T14:03:57.818Z"
  }
},
{
  "model": "products.installment",
  "pk": 20,
  "fields": {
    "plan": 3,
    "installment_number": 2,
    "amount": "6333.22",
    "due_date": "2026-03-17",
    "payment_date": null,
    "status": "pending",
    "customer_confirmed_at": null,
    "admin_confirmed_at": null
  }
},
{
  "model": "products.installment",
  "pk": 21,
  "fields": {
    "plan": 3,
    "installment_number": 3,
    "amount": "6333.22",
    "due_date": "2026-04-16",
    "payment_date": null,
    "status": "pending",
    "customer_confirmed_at": null,
    "admin_confirmed_at": null
  }
},
{
  "model": "products.installment",
  "pk": 22,
  "fields": {
    "plan": 3,
    "installment_number": 4,
    "amount": "6333.22",
    "due_date": "2026-05-16",
    "payment_date": null,
    "status": "pending",
    "customer_confirmed_at": null,
    "admin_confirmed_at": null
  }
},
{
  "model": "products.installment",
  "pk": 23,
  "fields": {
    "plan": 3,
    "installment_number": 5,
    "amount": "6333.22",
    "due_date": "2026-06-15",
    "payment_date": null,
    "status": "pending",
    "customer_confirmed_at": null,
    "admin_confirmed_at": null
  }
},
{
  "model": "products.installment",
  "pk": 24,
  "fields": {
    "plan": 3,
    "installment_number": 6,
    "amount": "6333.22",
    "due_date": "2026-07-15",
    "payment_date": null,
    "status": "pending",
    "customer_confirmed_at": null,
    "admin_confirmed_at": null
  }
},
{
  "model": "products.installment",
  "pk": 25,
  "fields": {
    "plan": 3,
    "installment_number": 7,
    "amount": "6333.22",
    "due_date": "2026-08-14",
    "payment_date": null,
    "status": "pending",
    "customer_confirmed_at": null,
    "admin_confirmed_at": null
  }
},
{
  "model": "products.installment",
  "pk": 26,
  "fields": {
    "plan": 3,
    "installment_number": 8,
    "amount": "6333.22",
    "due_date": "2026-09-13",
    "payment_date": null,
    "status": "pending",
    "customer_confirmed_at": null,
    "admin_confirmed_at": null
  }
},
{
  "model": "products.installment",
  "pk": 27,
  "fields": {
    "plan": 3,
    "installment_number": 9,
    "amount": "6333.22",
    "due_date": "2026-10-13",
    "payment_date": null,
    "status": "pending",
    "customer_confirmed_at": null,
    "admin_confirmed_at": null
  }
},
{
  "model": "products.usernotificationpreference",
  "pk": 1,
  "fields": {
    "user": 10002,
    "notify_service_updates": true,
    "notify_price_drops": true,
    "notify_restock": true,
    "notify_recommendations": true,
    "notify_warranty_expiry": true,
    "notify_general": true
  }
},
{
  "model": "products.usernotificationpreference",
  "pk": 2,
  "fields": {
    "user": 10003,
    "notify_service_updates": true,
    "notify_price_drops": true,
    "notify_restock": true,
    "notify_recommendations": true,
    "notify_warranty_expiry": true,
    "notify_general": true
  }
},
{
  "model": "products.usernotificationpreference",
  "pk": 3,
  "fields": {
    "user": 10004,
    "notify_service_updates": true,
    "notify_price_drops": true,
    "notify_restock": true,
    "notify_recommendations": true,
    "notify_warranty_expiry": true,
    "notify_general": true
  }
},
{
  "model": "products.usernotificationpreference",
  "pk": 6,
  "fields": {
    "user": 10007,
    "notify_service_updates": true,
    "notify_price_drops": true,
    "notify_restock": true,
    "notify_recommendations": true,
    "notify_warranty_expiry": true,
    "notify_general": true
  }
},
{
  "model": "products.usernotificationpreference",
  "pk": 7,
  "fields": {
    "user": 10008,
    "notify_service_updates": true,
    "notify_price_drops": true,
    "notify_restock": true,
    "notify_recommendations": true,
    "notify_warranty_expiry": true,
    "notify_general": true
  }
},
{
  "model": "products.usernotificationpreference",
  "pk": 8,
  "fields": {
    "user": 10009,
    "notify_service_updates": true,
    "notify_price_drops": true,
    "notify_restock": true,
    "notify_recommendations": true,
    "notify_warranty_expiry": true,
    "notify_general": true
  }
},
{
  "model": "products.usernotificationpreference",
  "pk": 9,
  "fields": {
    "user": 10010,
    "notify_service_updates": true,
    "notify_price_drops": true,
    "notify_restock": true,
    "notify_recommendations": true,
    "notify_warranty_expiry": true,
    "notify_general": true
  }
},
{
  "model": "products.usernotificationpreference",
  "pk": 10,
  "fields": {
    "user": 10011,
    "notify_service_updates": true,
    "notify_price_drops": true,
    "notify_restock": true,
    "notify_recommendations": true,
    "notify_warranty_expiry": true,
    "notify_general": true
  }
},
{
  "model": "products.usernotificationpreference",
  "pk": 11,
  "fields": {
    "user": 10012,
    "notify_service_updates": true,
    "notify_price_drops": true,
    "notify_restock": true,
    "notify_recommendations": true,
    "notify_warranty_expiry": true,
    "notify_general": true
  }
},
{
  "model": "products.usernotificationpreference",
  "pk": 12,
  "fields": {
    "user": 10013,
    "notify_service_updates": true,
    "notify_price_drops": true,
    "notify_restock": true,
    "notify_recommendations": true,
    "notify_warranty_expiry": true,
    "notify_general": true
  }
},
{
  "model": "products.usernotificationpreference",
  "pk": 13,
  "fields": {
    "user": 10014,
    "notify_service_updates": true,
    "notify_price_drops": true,
    "notify_restock": true,
    "notify_recommendations": true,
    "notify_warranty_expiry": true,
    "notify_general": true
  }
},
{
  "model": "products.usernotificationpreference",
  "pk": 14,
  "fields": {
    "user": 10015,
    "notify_service_updates": true,
    "notify_price_drops": true,
    "notify_restock": true,
    "notify_recommendations": true,
    "notify_warranty_expiry": true,
    "notify_general": true
  }
},
{
  "model": "products.usernotificationpreference",
  "pk": 15,
  "fields": {
    "user": 10016,
    "notify_service_updates": true,
    "notify_price_drops": true,
    "notify_restock": true,
    "notify_recommendations": true,
    "notify_warranty_expiry": true,
    "notify_general": true
  }
},
{
  "model": "products.usernotificationpreference",
  "pk": 16,
  "fields": {
    "user": 10017,
    "notify_service_updates": true,
    "notify_price_drops": true,
    "notify_restock": true,
    "notify_recommendations": true,
    "notify_warranty_expiry": true,
    "notify_general": true
  }
},
{
  "model": "products.usernotificationpreference",
  "pk": 17,
  "fields": {
    "user": 10018,
    "notify_service_updates": true,
    "notify_price_drops": true,
    "notify_restock": true,
    "notify_recommendations": true,
    "notify_warranty_expiry": true,
    "notify_general": true
  }
},
{
  "model": "products.usernotificationpreference",
  "pk": 18,
  "fields": {
    "user": 10019,
    "notify_service_updates": true,
    "notify_price_drops": true,
    "notify_restock": true,
    "notify_recommendations": true,
    "notify_warranty_expiry": true,
    "notify_general": true
  }
},
{
  "model": "products.customeraddress",
  "pk": 1,
  "fields": {
    "user": 10003,
    "district": null,
    "area": null,
    "open_address": ", Güzelyurt",
    "address_city": "Güzelyurt",
    "latitude": "35.1990054",
    "longitude": "32.9899666",
    "geocoded_at": null
  }
},
{
  "model": "products.customeraddress",
  "pk": 2,
  "fields": {
    "user": 10004,
    "district": 6,
    "area": 32,
    "open_address": "Karşıyaka, Acendu, Lefke, Lefke Belediyesi, Lefke ilçesi, Kuzey Kıbrıs, 99770, Kıbrıs",
    "address_city": "Lefke",
    "latitude": "35.1137300",
    "longitude": "32.8501170",
    "geocoded_at": null
  }
},
{
  "model": "products.customeraddress",
  "pk": 3,
  "fields": {
    "user": 10007,
    "district": 1,
    "area": 1,
    "open_address": null,
    "address_city": null,
    "latitude": "35.2468900",
    "longitude": "33.0375460",
    "geocoded_at": null
  }
},
{
  "model": "products.customeraddress",
  "pk": 4,
  "fields": {
    "user": 10009,
    "district": null,
    "area": null,
    "open_address": ", Salamis, Girne",
    "address_city": "Girne",
    "latitude": "35.3362494",
    "longitude": "33.3161282",
    "geocoded_at": null
  }
},
{
  "model": "products.customeraddress",
  "pk": 5,
  "fields": {
    "user": 10010,
    "district": null,
    "area": null,
    "open_address": "Ahmet Yılmaz Caddesi No:1, Lefkoşa",
    "address_city": null,
    "latitude": "35.1856000",
    "longitude": "33.3823000",
    "geocoded_at": null
  }
},
{
  "model": "products.customeraddress",
  "pk": 6,
  "fields": {
    "user": 10011,
    "district": null,
    "area": null,
    "open_address": "Mehmet Demir Caddesi No:1, Lefkoşa",
    "address_city": null,
    "latitude": "35.1956000",
    "longitude": "33.3923000",
    "geocoded_at": null
  }
},
{
  "model": "products.customeraddress",
  "pk": 7,
  "fields": {
    "user": 10012,
    "district": 3,
    "area": 26,
    "open_address": "Ayşe Kaya Caddesi No:1, Lefkoşa",
    "address_city": null,
    "latitude": "35.3399540",
    "longitude": "33.3142170",
    "geocoded_at": null
  }
},
{
  "model": "products.customeraddress",
  "pk": 8,
  "fields": {
    "user": 10013,
    "district": null,
    "area": null,
    "open_address": "Fatma Çelik Caddesi No:1, Lefkoşa",
    "address_city": null,
    "latitude": "35.2156000",
    "longitude": "33.4123000",
    "geocoded_at": null
  }
},
{
  "model": "products.customeraddress",
  "pk": 9,
  "fields": {
    "user": 10014,
    "district": null,
    "area": null,
    "open_address": "Ali Öztürk Caddesi No:1, Lefkoşa",
    "address_city": null,
    "latitude": "35.2256000",
    "longitude": "33.4223000",
    "geocoded_at": null
  }
},
{
  "model": "products.customeraddress",
  "pk": 10,
  "fields": {
    "user": 10015,
    "district": null,
    "area": null,
    "open_address": "Zeynep Arslan Caddesi No:1, Lefkoşa",
    "address_city": null,
    "latitude": "35.2356000",
    "longitude": "33.4323000",
    "geocoded_at": null
  }
},
{
  "model": "products.customeraddress",
  "pk": 11,
  "fields": {
    "user": 10016,
    "district": null,
    "area": null,
    "open_address": "Mustafa Korkmaz Caddesi No:1, Lefkoşa",
    "address_city": null,
    "latitude": "35.2456000",
    "longitude": "33.4423000",
    "geocoded_at": null
  }
},
{
  "model": "products.customeraddress",
  "pk": 12,
  "fields": {
    "user": 10017,
    "district": null,
    "area": null,
    "open_address": "Elif Şahin Caddesi No:1, Lefkoşa",
    "address_city": null,
    "latitude": "35.2556000",
    "longitude": "33.4523000",
    "geocoded_at": null
  }
},
{
  "model": "products.customeraddress",
  "pk": 13,
  "fields": {
    "user": 10018,
    "district": null,
    "area": null,
    "open_address": "Hüseyin Yavuz Caddesi No:1, Lefkoşa",
    "address_city": null,
    "latitude": "35.2656000",
    "longitude": "33.4623000",
    "geocoded_at": null
  }
},
{
  "model": "products.customeraddress",
  "pk": 14,
  "fields": {
    "user": 10019,
    "district": null,
    "area": null,
    "open_address": "Merve Aydın Caddesi No:1, Lefkoşa",
    "address_city": null,
    "latitude": "35.2756000",
    "longitude": "33.4723000",
    "geocoded_at": null
  }
}
]
